trip_distance_id,VendorID,tpep_pickup_datetime,tpep_dropoff_datetime,passenger_count,trip_distance,rate_code_name,pickup_latitude,pickup_longitude,dropoff_latitude,dropoff_longitude,payment_type_name,fare_amount,extra,mta_tax,tip_amount,tolls_amount,improvement_surcharge,total_amount
0,2,2016-03-10T12:41:27,2016-03-10T12:43:03,1,2.5,Standard rate,40.76467133,-73.93682098,40.76467133,-73.93679047,Cash,0,0,0,0,0,0,0
1,2,2016-03-10T07:14:39,2016-03-10T07:16:42,1,2.9,Standard rate,40.76393127,-73.90196228,40.7639389,-73.90196991,Cash,0,0,0,0,0,0,0
2,2,2016-03-10T07:49:01,2016-03-10T07:50:18,1,19.98,Standard rate,40.76401901,-73.90203857,40.76383972,-73.90209198,Cash,0,0,0,0,0,0,0
3,2,2016-03-01T01:07:43,2016-03-01T01:08:43,1,10.78,Standard rate,0,0,40.76457977,-73.93695831,Credit card,0,0,0,0,0,0,0
4,2,2016-03-01T06:11:58,2016-03-01T06:11:58,1,30.43,Standard rate,0,0,40.76477814,-73.93695068,Credit card,0,0,0,0,0,0,0
5,2,2016-03-10T07:38:58,2016-03-10T07:42:03,1,5.92,Standard rate,40.76398087,-73.90187073,40.76396179,-73.90190887,Cash,0,0,0,0,0,0,0
6,2,2016-03-10T13:07:29,2016-03-10T13:10:11,1,5.72,Standard rate,40.76375961,-73.90209198,40.7637291,-73.90209961,Cash,0,0,0,0,0,0,0
7,2,2016-03-10T09:16:50,2016-03-10T09:19:52,1,6.2,Standard rate,40.76455688,-73.93694305,40.76424789,-73.93701935,Credit card,0,0,0,0,0,0,0
8,2,2016-03-10T07:43:54,2016-03-10T07:45:52,1,0.7,Standard rate,40.76396942,-73.90189362,40.76396942,-73.90189362,Cash,0,0,0,0,0,0,0
9,2,2016-03-10T12:49:27,2016-03-10T12:49:41,1,7.18,Standard rate,40.76468277,-73.93669891,0,0,Credit card,0,0,0,0,0,0,0
10,2,2016-03-10T08:21:52,2016-03-10T08:22:22,1,0.54,Standard rate,40.76490021,-73.93743896,40.76490402,-73.93717957,Credit card,0,0,0,0,0,0,0
11,2,2016-03-10T10:51:05,2016-03-10T10:51:13,1,1.7,Standard rate,40.76463699,-73.93688202,0,0,Credit card,0,0,0,0,0,0,0
12,2,2016-03-10T08:21:27,2016-03-10T08:22:46,1,1.1,Standard rate,40.76393127,-73.90195465,40.76391602,-73.90197754,Cash,0,0,0,0,0,0,0
13,2,2016-03-10T09:24:14,2016-03-10T09:26:18,1,2.1,Standard rate,0,0,0,0,Credit card,0,0,0,0,0,0,0
14,2,2016-03-10T07:53:17,2016-03-10T07:54:59,1,8.54,Standard rate,40.7640419,-73.9019928,40.76389313,-73.90200806,Cash,0,0,0,0,0,0,0
15,2,2016-03-10T07:22:27,2016-03-10T07:23:51,1,2,Standard rate,40.76393127,-73.90193176,40.76392365,-73.90194702,Cash,0,0,0,0,0,0,0
16,2,2016-03-10T07:37:32,2016-03-10T07:37:40,6,3.2,Standard rate,0,0,40.76398849,-73.90207672,Cash,0,0,0,0,0,0,0
17,2,2016-03-10T08:01:22,2016-03-10T08:02:51,5,1.59,Standard rate,40.76414871,-73.9019928,40.76414871,-73.90200806,Cash,0,0,0,0,0,0,0
18,2,2016-03-10T14:03:59,2016-03-10T14:04:02,1,16.81,JFK,0,0,0,0,Cash,0,0,0.5,0,0,0.3,0
19,2,2016-03-10T08:38:27,2016-03-10T08:40:37,1,0.5,Standard rate,40.76440811,-73.93713379,40.76464081,-73.93695068,Cash,0,0,0,0,0,0,0
20,2,2016-03-10T07:08:26,2016-03-10T07:08:29,5,0.6,Standard rate,40.76406479,-73.90210724,40.76412201,-73.90209198,Cash,0,0,0,0,0,0,0
21,2,2016-03-01T06:13:03,2016-03-01T06:13:05,1,9.9,Standard rate,0,0,40.7648201,-73.93695068,Credit card,0,0,0,0,0,0,0
22,2,2016-03-10T07:31:14,2016-03-10T07:34:20,1,0.8,Standard rate,40.76395035,-73.90189362,40.76391983,-73.90207672,Cash,0,0,0,0,0,0,0
23,2,2016-03-01T06:14:25,2016-03-01T06:14:25,1,0.49,Standard rate,40.76460648,-73.93670654,40.76460266,-73.93669128,Credit card,0,0,0,0,0,0,0
24,2,2016-03-10T12:56:51,2016-03-10T12:56:55,1,5.31,Standard rate,0,0,0,0,Cash,2.5,0,0.5,0,0,0.3,3
25,2,2016-03-10T12:56:51,2016-03-10T12:56:55,1,3.5,Standard rate,0,0,0,0,No charge,-2.5,0,-0.5,0,0,-0.3,-3
26,2,2016-03-10T08:07:36,2016-03-10T08:11:28,1,9.14,Standard rate,40.76251221,-73.98589325,40.76131439,-73.9934845,Credit card,4,0,0.5,1.2,0,0.3,6
27,2,2016-03-10T12:51:46,2016-03-10T12:51:51,1,2.17,Standard rate,0,0,0,0,Credit card,2.5,0,0.5,2.7,0,0.3,6
28,2,2016-03-10T12:51:46,2016-03-10T12:51:51,1,18.03,Standard rate,0,0,0,0,No charge,-2.5,0,-0.5,-2.7,0,-0.3,-6
29,2,2016-03-10T11:49:20,2016-03-10T11:49:23,1,1,Negotiated fare,0,0,40.77362061,-73.94560242,Credit card,6.3,0,0.5,1.9,0,0.3,9
30,1,2016-03-01T00:51:20,2016-03-01T00:51:42,1,11.53,Negotiated fare,40.77003479,-73.98632813,40.77003479,-73.98632813,Credit card,9.7,0,0,0,0,0.3,10
31,1,2016-03-01T00:14:51,2016-03-01T00:15:33,1,4.26,Negotiated fare,40.76086426,-73.99603271,40.7611084,-73.99459839,Credit card,39.7,0,0,0,0,0.3,40
32,2,2016-03-01T01:50:44,2016-03-01T04:15:01,1,2.66,Negotiated fare,40.72233963,-73.98883057,40.74980164,-73.85488892,Credit card,50,0,0,0,0,0,50
33,2,2016-03-10T10:17:15,2016-03-10T10:38:37,1,2.4,Standard rate,40.74569702,-73.98666382,40.78359222,-73.97999573,Credit card,13,0,0.5,3.45,0,0.3,17.25
34,1,2016-03-01T00:38:16,2016-03-01T00:38:38,1,3.7,Negotiated fare,40.74585724,-73.9881134,40.7458992,-73.98810577,Credit card,59,0,0,9.7,0,0.3,69
35,2,2016-03-10T09:04:33,2016-03-10T09:14:18,6,1.3,Standard rate,40.75640106,-73.9890213,40.75305939,-73.97940063,Credit card,7,0,0.5,1.95,0,0.3,9.75
36,2,2016-03-01T00:08:52,2016-03-01T00:09:01,1,9.2,JFK,40.76420975,-73.98274994,40.76420975,-73.98277283,Credit card,52,0,0.5,13.2,0,0.3,66
37,2,2016-03-10T07:41:14,2016-03-11T07:40:25,1,0.79,JFK,40.64580536,-73.7763443,40.64580536,-73.77635956,Credit card,52,0,0.5,13.2,0,0.3,66
38,1,2016-03-01T00:43:07,2016-03-01T00:43:34,1,0.95,JFK,40.7327919,-74.00334167,40.7327919,-74.00334167,Credit card,52,0,0.5,11.66,5.54,0.3,70
39,2,2016-03-10T08:12:41,2016-03-10T08:12:47,1,6.9,Negotiated fare,0,0,40.72406006,-73.58773804,Credit card,100,0,0.5,25.2,0,0.3,126
40,2,2016-03-10T11:29:14,2016-03-10T11:32:39,1,3.11,Standard rate,40.79354095,-73.97454071,40.78850174,-73.97650146,Credit card,4,0,0.5,0.96,0,0.3,5.76
41,2,2016-03-10T13:29:45,2016-03-10T13:33:45,1,3.8,Standard rate,40.76710129,-73.98628235,40.75991821,-73.99411774,Credit card,4,0,0.5,0.96,0,0.3,5.76
42,2,2016-03-10T07:40:51,2016-03-10T07:44:39,1,2.8,Standard rate,40.75325012,-73.97756195,40.75973129,-73.9781189,Credit card,4,0,0.5,0.96,0,0.3,5.76
43,2,2016-03-10T09:24:36,2016-03-10T09:28:00,1,1.21,Standard rate,40.72890091,-73.98149109,40.73469162,-73.9801178,Credit card,4,0,0.5,0.96,0,0.3,5.76
44,2,2016-03-10T08:56:33,2016-03-10T08:56:38,1,1.31,Negotiated fare,0,0,0,0,Credit card,8.8,0,0.5,1.92,0,0.3,11.52
45,2,2016-03-01T05:29:44,2016-03-01T05:29:49,1,2.7,Negotiated fare,0,0,0,0,Credit card,96,0,0.5,19.36,0,0.3,116.16
46,2,2016-03-10T12:07:42,2016-03-10T12:28:03,1,5.39,Standard rate,40.75751877,-73.97593689,40.81428909,-73.96192169,Credit card,12.5,0,0.5,3.99,0,0.3,17.29
47,1,2016-03-01T05:24:19,2016-03-01T05:24:45,1,2.82,Negotiated fare,40.74375153,-73.99215698,40.74375534,-73.99214935,Credit card,58,0,0,11.11,0,0.3,69.41
48,2,2016-03-10T14:24:12,2016-03-10T14:35:32,1,2.07,Standard rate,40.76327133,-73.97389984,40.77194977,-73.96526337,Credit card,8,0,0.5,1.76,0,0.3,10.56
49,2,2016-03-01T00:53:30,2016-03-01T00:53:33,1,7.7,Negotiated fare,0,0,0,0,Credit card,27,0,0,8.19,0,0.3,35.49
50,2,2016-03-01T06:17:00,2016-03-01T06:17:02,1,5.1,Standard rate,40.76460648,-73.93683624,40.76464462,-73.93680573,Credit card,2.5,0,0.5,0.99,0,0.3,4.29
51,2,2016-03-10T13:21:24,2016-03-10T13:22:03,1,3.34,Standard rate,40.68780899,-73.98094177,40.68775177,-73.98091125,Credit card,2.5,0,0.5,0.99,0,0.3,4.29
52,2,2016-03-10T11:50:57,2016-03-10T11:51:00,1,2.69,Standard rate,0,0,0,0,Credit card,2.5,0,0.5,0.99,0,0.3,4.29
53,2,2016-03-10T13:37:46,2016-03-10T13:37:49,1,0.71,Standard rate,40.78213501,-73.95938873,40.78209686,-73.95941162,Credit card,2.5,0,0.5,0.99,0,0.3,4.29
54,2,2016-03-10T10:49:55,2016-03-10T10:50:39,1,1.42,Standard rate,0,0,0,0,Credit card,2.5,0,0.5,0.99,0,0.3,4.29
55,2,2016-03-10T10:27:03,2016-03-10T10:49:42,1,4.28,Standard rate,40.77584839,-73.9473114,40.74657822,-73.98532104,Credit card,13.5,0,0.5,2.86,0,0.3,17.16
56,2,2016-03-01T06:13:21,2016-03-01T06:13:23,1,1.84,JFK,0,0,0,0,Credit card,52,0,0.5,15.84,0,0.3,68.64
57,2,2016-03-10T14:15:19,2016-03-10T14:15:34,1,3.95,JFK,40.76691055,-73.95384979,40.76691055,-73.95384979,Credit card,52,0,0.5,15.84,0,0.3,68.64
58,2,2016-03-10T08:03:43,2016-03-10T09:16:03,1,3.65,Negotiated fare,40.75611115,-73.99020386,40.64561844,-73.77631378,Credit card,58,0,0.5,17.55,0,0,76.05
59,1,2016-03-01T05:18:32,2016-03-01T05:20:14,1,9.46,Negotiated fare,40.69006729,-74.17792511,40.69002151,-74.17785645,Credit card,80,0,0,0,0,0.3,80.3
60,2,2016-03-01T02:03:35,2016-03-01T02:03:39,2,0.48,Negotiated fare,40.70441818,-74.09574127,40.70441818,-74.09574127,Credit card,80,0,0,0,0,0.3,80.3
61,2,2016-03-10T13:26:51,2016-03-10T13:28:12,2,19.35,Standard rate,37.38947296,-121.9333267,37.38937759,-121.9332428,Credit card,1.6,0,0.5,0,0,0.3,2.4
62,2,2016-03-10T09:36:05,2016-03-10T09:38:54,1,11.25,Standard rate,40.76499939,-73.93717194,40.76488876,-73.93708801,Credit card,3.5,0,0.5,0,0,0.3,4.3
63,1,2016-03-01T04:17:20,2016-03-01T04:17:20,1,2.2,Standard rate,40.75034714,-73.8901062,0,0,Cash,2.5,1,0.5,0,0,0.3,4.3
64,1,2016-03-01T05:06:25,2016-03-01T05:07:47,1,4.65,Standard rate,40.74644852,-73.9901123,40.74729919,-73.98966217,Cash,3,0.5,0.5,0,0,0.3,4.3
65,2,2016-03-10T08:47:32,2016-03-10T08:50:25,1,1.8,Standard rate,40.76467133,-73.93695068,40.76465988,-73.93697357,Credit card,3.5,0,0.5,0,0,0.3,4.3
66,1,2016-03-01T01:48:53,2016-03-01T01:50:40,1,10.34,Standard rate,40.72176743,-74.00444794,40.72166061,-74.00445557,Cash,3,0.5,0.5,0,0,0.3,4.3
67,2,2016-03-10T12:14:18,2016-03-10T12:17:12,1,6.8,Standard rate,40.7637291,-73.90220642,40.76372147,-73.90222168,Cash,3.5,0,0.5,0,0,0.3,4.3
68,2,2016-03-01T03:00:36,2016-03-01T03:01:47,2,1.4,Standard rate,40.82114792,-73.89794159,40.82115555,-73.89797974,Cash,3,0.5,0.5,0,0,0.3,4.3
69,1,2016-03-01T00:01:34,2016-03-01T00:03:29,2,6.3,Standard rate,40.74721146,-73.98342896,40.74782181,-73.98468018,No charge,3,0.5,0.5,0,0,0.3,4.3
70,2,2016-03-10T11:06:06,2016-03-10T11:08:43,1,5.52,Standard rate,40.64686203,-73.78990936,40.64677429,-73.78958893,Cash,3.5,0,0.5,0,0,0.3,4.3
71,2,2016-03-10T12:00:43,2016-03-10T12:03:26,1,3.4,Standard rate,40.77747345,-73.95719147,40.77470779,-73.95908356,Cash,3.5,0,0.5,0,0,0.3,4.3
72,1,2016-03-01T00:16:45,2016-03-01T00:18:14,1,9.79,Standard rate,40.75154114,-73.94527435,40.75154114,-73.94527435,Cash,3,0.5,0.5,0,0,0.3,4.3
73,2,2016-03-10T14:22:11,2016-03-10T14:24:16,3,1.04,Standard rate,40.75278473,-73.97424316,40.75274658,-73.97422791,Cash,3.5,0,0.5,0,0,0.3,4.3
74,2,2016-03-10T11:14:54,2016-03-10T11:17:29,1,10.2,Standard rate,40.65684128,-73.79393005,40.65683365,-73.79393005,Cash,3.5,0,0.5,0,0,0.3,4.3
75,1,2016-03-01T05:19:03,2016-03-01T05:20:31,1,2.54,Standard rate,40.7938385,-73.9402771,40.79363632,-73.94052887,Cash,3,0.5,0.5,0,0,0.3,4.3
76,1,2016-03-01T00:08:19,2016-03-01T00:08:19,1,1.32,Standard rate,40.7565918,-73.98923492,0,0,Cash,3,0.5,0.5,0,0,0.3,4.3
77,1,2016-03-01T05:25:32,2016-03-01T05:27:21,1,1.51,Standard rate,40.76398849,-73.90159607,40.76398849,-73.90159607,Cash,3,0.5,0.5,0,0,0.3,4.3
78,1,2016-03-01T02:47:25,2016-03-01T02:49:31,6,1.16,Standard rate,40.68307114,-73.98042297,40.68343735,-73.9805603,Cash,3.5,0.5,0.5,0,0,0.3,4.8
79,1,2016-03-01T02:42:26,2016-03-01T02:44:53,3,0.89,Standard rate,0,0,40.68304825,-73.98014832,Cash,3.5,0.5,0.5,0,0,0.3,4.8
80,2,2016-03-01T00:28:46,2016-03-01T00:31:22,1,7.06,Standard rate,40.64696121,-73.78919983,40.64673996,-73.78929138,Cash,3.5,0.5,0.5,0,0,0.3,4.8
81,2,2016-03-10T08:41:04,2016-03-10T08:44:52,1,5.57,Standard rate,40.76465988,-73.94126129,40.76473999,-73.93811798,Credit card,4,0,0.5,0,0,0.3,4.8
82,2,2016-03-10T07:25:53,2016-03-10T07:29:45,6,0.99,Standard rate,40.74000931,-73.98390198,40.74000168,-73.98387146,Cash,4,0,0.5,0,0,0.3,4.8
83,2,2016-03-10T11:47:54,2016-03-10T11:51:08,2,2.81,Standard rate,40.78076935,-73.98153687,40.77518845,-73.97734833,Cash,4,0,0.5,0,0,0.3,4.8
84,2,2016-03-10T14:20:00,2016-03-10T14:23:22,2,2.45,Standard rate,40.75175095,-73.97416687,40.75196838,-73.97463226,Credit card,4,0,0.5,0,0,0.3,4.8
85,1,2016-03-01T06:09:31,2016-03-01T06:12:56,2,2.61,Standard rate,40.68269348,-73.98007965,40.68269348,-73.98007965,Cash,4,0,0.5,0,0,0.3,4.8
86,2,2016-03-10T11:43:28,2016-03-10T11:47:46,1,0.73,Standard rate,40.73750305,-73.98938751,40.73759079,-73.98935699,Cash,4.5,0,0.5,0,0,0.3,5.3
87,2,2016-03-10T11:50:40,2016-03-10T11:54:50,5,1.92,Standard rate,40.75881577,-73.9726944,40.76349258,-73.97505951,Credit card,4.5,0,0.5,0,0,0.3,5.3
88,2,2016-03-10T12:35:02,2016-03-10T12:35:09,2,3.25,Standard rate,40.74620056,-73.97213745,40.74634933,-73.9723587,Credit card,2.5,0,0.5,2,0,0.3,5.3
89,2,2016-03-10T09:16:35,2016-03-10T09:16:39,5,4.83,Negotiated fare,0,0,40.78604889,-73.95509338,Credit card,5,0,0,0,0,0.3,5.3
90,2,2016-03-10T13:26:17,2016-03-10T13:30:52,6,2.46,Standard rate,40.7427597,-73.99655151,40.74237823,-74.00447845,Cash,4.5,0,0.5,0,0,0.3,5.3
91,1,2016-03-01T00:53:35,2016-03-01T00:57:11,1,2.85,Standard rate,40.74093628,-73.93475342,40.74093628,-73.93475342,No charge,4,0.5,0.5,0,0,0.3,5.3
92,2,2016-03-01T02:17:05,2016-03-01T02:17:07,1,4.33,Negotiated fare,0,0,40.67039108,-73.92761993,Credit card,5,0,0,0,0,0.3,5.3
93,1,2016-03-01T00:22:38,2016-03-01T00:24:51,2,5.06,Standard rate,40.74196625,-73.98274231,40.74274063,-73.98441315,Credit card,3,0.5,0.5,1.25,0,0.3,5.55
94,1,2016-03-01T00:11:05,2016-03-01T00:11:05,1,9.5,Standard rate,40.64514542,-73.77706909,0,0,Cash,4.5,0.5,0.5,0,0,0.3,5.8
95,2,2016-03-10T10:02:15,2016-03-10T10:07:58,5,0.55,Standard rate,40.75016403,-73.99181366,40.73242188,-74.00170898,Cash,5,0,0.5,0,0,0.3,5.8
96,2,2016-03-10T07:45:19,2016-03-10T07:51:35,1,1.5,Standard rate,40.75991821,-73.97869873,40.75504684,-73.98238373,Credit card,5.5,0,0.5,0,0,0.3,6.3
97,2,2016-03-10T09:11:35,2016-03-10T09:11:48,1,1.2,Standard rate,0,0,40.76427841,-73.98255157,Credit card,2.5,0,0.5,3,0,0.3,6.3
98,1,2016-03-01T06:14:20,2016-03-01T06:20:36,2,5.4,Standard rate,40.68269348,-73.98007965,40.68312073,-73.98003387,Cash,5.5,0,0.5,0,0,0.3,6.3
99,2,2016-03-10T12:41:50,2016-03-10T12:43:00,1,1.43,Standard rate,0,0,40.78852081,-73.97678375,Credit card,2.5,0,0.5,3,0,0.3,6.3
100,2,2016-03-10T11:53:49,2016-03-10T12:01:41,1,2.99,Standard rate,40.77384186,-73.96029663,40.77632141,-73.97818756,Credit card,6,0,0.5,0,0,0.3,6.8
101,1,2016-03-01T05:29:43,2016-03-01T05:29:43,1,0.46,Standard rate,40.75088882,-73.99406433,0,0,Cash,5.5,0.5,0.5,0,0,0.3,6.8
102,2,2016-03-01T00:16:13,2016-03-01T00:16:17,4,2.91,Standard rate,0,0,0,0,Credit card,2.5,0.5,0.5,3,0,0.3,6.8
103,2,2016-03-10T11:55:50,2016-03-10T11:55:55,2,0.9,Standard rate,0,0,0,0,Credit card,2.5,0,0.5,3.5,0,0.3,6.8
104,2,2016-03-10T08:13:41,2016-03-10T08:13:51,5,4.76,Standard rate,40.75735855,-73.97396851,40.75735855,-73.97396851,Credit card,2.5,0,0.5,3.75,0,0.3,7.05
105,2,2016-03-10T10:35:52,2016-03-10T10:44:26,4,4.51,Standard rate,40.76676559,-73.93034363,40.76520538,-73.91390228,Cash,6.5,0,0.5,0,0,0.3,7.3
106,2,2016-03-10T08:09:06,2016-03-10T08:09:09,2,2.3,Negotiated fare,0,0,0,0,Cash,7,0,0,0,0,0.3,7.3
107,2,2016-03-10T07:22:19,2016-03-10T07:30:43,1,5.66,Standard rate,40.75067139,-73.99454498,40.75497818,-73.97746277,Cash,6.5,0,0.5,0,0,0.3,7.3
108,2,2016-03-10T12:04:16,2016-03-10T12:10:45,5,1.47,Standard rate,40.73432159,-73.99912262,40.74073029,-73.9930191,Credit card,5.5,0,0.5,1,0,0.3,7.3
109,2,2016-03-10T12:55:19,2016-03-10T13:03:29,1,18.34,Standard rate,40.77846146,-73.98525238,40.79784012,-73.97148132,Cash,6.5,0,0.5,0,0,0.3,7.3
110,1,2016-03-01T04:05:30,2016-03-01T04:05:30,2,1.74,Standard rate,40.80257034,-73.95667267,0,0,Cash,6,0.5,0.5,0,0,0.3,7.3
111,2,2016-03-10T10:29:38,2016-03-10T10:37:29,2,20.2,Standard rate,40.79386902,-73.96694183,40.80765152,-73.96054077,Credit card,6,0,0.5,1,0,0.3,7.8
112,2,2016-03-10T11:46:46,2016-03-10T11:56:44,6,3.37,Standard rate,40.7612915,-73.98419952,40.75048828,-73.99118805,Cash,7,0,0.5,0,0,0.3,7.8
113,2,2016-03-10T08:08:01,2016-03-10T08:17:39,2,18.95,Standard rate,40.76485062,-73.98423767,40.75743103,-73.97486877,Cash,7,0,0.5,0,0,0.3,7.8
114,2,2016-03-01T01:50:15,2016-03-01T01:50:19,1,3.32,Negotiated fare,0,0,0,0,Credit card,7,0,0.5,0,0,0.3,7.8
115,2,2016-03-10T13:09:27,2016-03-10T13:18:36,5,3.9,Standard rate,40.75513077,-73.9732666,40.74747849,-73.98551178,Cash,7,0,0.5,0,0,0.3,7.8
116,2,2016-03-10T07:57:25,2016-03-10T07:57:27,3,0.2,Negotiated fare,40.73072815,-74.00276947,40.73072052,-74.00276947,Credit card,11.3,0,0,0,0,0.3,11.6
117,2,2016-03-10T09:06:18,2016-03-10T09:06:21,1,7.91,Negotiated fare,0,0,0,0,Credit card,11.3,0,0,0,0,0.3,11.6
118,2,2016-03-10T13:28:57,2016-03-10T13:29:00,1,10,Negotiated fare,0,0,40.75537109,-73.96814728,Credit card,12.8,0,0,0,0,0.3,13.1
119,2,2016-03-10T09:50:43,2016-03-10T09:50:56,1,1.07,Negotiated fare,40.7627182,-73.97856903,40.7627182,-73.97856903,Credit card,13.8,0,0.5,0,0,0.3,14.6
120,2,2016-03-01T04:18:52,2016-03-01T04:19:01,1,9.1,Negotiated fare,40.7299614,-74.03408813,40.7299614,-74.03408813,Credit card,72,0,0.5,0,0,0.3,72.8
121,2,2016-03-01T03:16:00,2016-03-01T03:16:09,1,18.9,Negotiated fare,40.76681137,-73.52636719,40.76681137,-73.52636719,Credit card,80,0,0.5,0,0,0.3,80.8
122,2,2016-03-01T02:47:54,2016-03-01T02:47:57,1,0.58,Negotiated fare,0,0,40.72502899,-73.9872818,Credit card,65,0,0,0,0,0.3,65.3
123,2,2016-03-10T10:41:36,2016-03-10T10:42:11,1,2.59,Negotiated fare,40.76985931,-73.86431122,40.77053833,-73.86530304,Cash,85,0,0,0,0,0.3,85.3
124,2,2016-03-10T08:01:08,2016-03-10T08:02:46,1,5.98,Negotiated fare,40.89707947,-73.81371307,40.89709091,-73.81371307,Credit card,106,0,0,15,0,0.3,121.3
125,2,2016-03-01T00:52:15,2016-03-01T00:53:11,1,0.42,Negotiated fare,0,0,0,0,Credit card,60,0,0,10,0,0.3,70.3
126,2,2016-03-01T05:25:22,2016-03-01T05:26:51,1,9.55,Negotiated fare,0,0,40.69095993,-74.17725372,Credit card,94,0,0.5,8,0,0.3,102.8
127,2,2016-03-10T14:20:07,2016-03-10T14:20:35,1,0.35,Negotiated fare,40.71268845,-74.35462952,40.71268845,-74.35462952,Credit card,122,0,0.5,0,0,0.3,122.8
128,2,2016-03-01T02:37:18,2016-03-01T02:37:20,1,8.97,Negotiated fare,0,0,0,0,Credit card,75,0,0,0,0,0.3,75.3
129,1,2016-03-01T01:05:33,2016-03-01T01:05:45,2,3.49,JFK,40.72412109,-73.98064423,40.72412109,-73.98064423,Credit card,52,0,0.5,15,0,0.3,67.8
130,2,2016-03-10T09:16:01,2016-03-10T09:17:28,1,1.53,Negotiated fare,0,0,0,0,Credit card,65,0,0.5,2,0,0.3,67.8
131,2,2016-03-10T14:16:59,2016-03-10T14:23:33,1,3.77,Standard rate,40.7620697,-73.96819305,40.76276016,-73.97338867,Credit card,5.5,0,0.5,1.26,0,0.3,7.56
132,2,2016-03-10T10:18:21,2016-03-10T10:25:09,5,1.65,Standard rate,40.73015594,-73.98935699,40.72992325,-73.98681641,Credit card,5.5,0,0.5,1.26,0,0.3,7.56
133,2,2016-03-10T09:40:41,2016-03-10T09:46:58,1,1.96,Standard rate,40.75247955,-73.98222351,40.76195908,-73.97281647,Credit card,5.5,0,0.5,1.26,0,0.3,7.56
134,2,2016-03-10T11:38:02,2016-03-10T11:52:44,1,1.6,Standard rate,40.78055954,-73.98394012,40.76396179,-73.9777832,Credit card,9.5,0,0.5,3.09,0,0.3,13.39
135,2,2016-03-01T01:01:11,2016-03-01T01:01:16,1,5.14,Negotiated fare,0,0,40.82952881,-73.90680695,Credit card,40,0,0,12.09,0,0.3,52.39
136,2,2016-03-10T07:20:09,2016-03-10T07:27:54,5,2.51,Standard rate,40.7482605,-73.97836304,40.74026108,-73.97467041,Credit card,6,0,0.5,1.36,0,0.3,8.16
137,2,2016-03-10T10:18:11,2016-03-10T10:25:43,1,18.3,Standard rate,40.7253418,-73.99211884,40.73591995,-73.99340057,Credit card,6,0,0.5,1.36,0,0.3,8.16
138,2,2016-03-10T12:07:01,2016-03-10T12:19:56,1,3.3,Standard rate,40.77342606,-73.96000671,40.75381088,-73.97283936,Credit card,8.5,0,0.5,1.86,0,0.3,11.16
139,2,2016-03-10T09:53:02,2016-03-10T10:05:19,5,0.93,Standard rate,40.74863052,-73.98851776,40.76160049,-73.97100067,Credit card,8.5,0,0.5,1.86,0,0.3,11.16
140,2,2016-03-10T12:05:30,2016-03-10T12:23:26,1,3.22,Standard rate,40.77790833,-73.98197174,40.76583862,-73.96305847,Credit card,11,0,0.5,2.36,0,0.3,14.16
141,2,2016-03-10T13:20:52,2016-03-10T13:21:59,3,2.23,Negotiated fare,41.03477097,-74.07308197,41.03474045,-74.07324219,Credit card,118.75,0,0.5,32.51,10.5,0.3,162.56
142,2,2016-03-10T14:02:24,2016-03-10T14:02:40,1,4.44,Negotiated fare,40.7813797,-73.95638275,40.78138733,-73.95639038,Credit card,8.03,0,0,2.08,0,0.3,10.41
143,2,2016-03-10T08:57:02,2016-03-10T08:57:07,2,11.43,Negotiated fare,40.85992813,-74.40651703,40.85992813,-74.40651703,Credit card,180,0,0,45.08,0,0.3,225.38
144,2,2016-03-01T03:44:55,2016-03-01T03:45:16,1,1.37,Negotiated fare,40.78845978,-73.95535278,40.78845978,-73.95535278,Cash,138.08,0,0,0,0,0.3,138.38
145,2,2016-03-10T10:23:16,2016-03-10T10:23:28,1,2.38,Negotiated fare,40.85797882,-73.97624207,40.85797882,-73.97624207,Credit card,120,0,0,30.08,0,0.3,150.38
146,2,2016-03-10T09:05:15,2016-03-10T09:05:22,1,1.91,Negotiated fare,41.05123901,-73.53491211,41.05123901,-73.53491211,Credit card,224.29,0,0,44.92,0,0.3,269.51
147,2,2016-03-10T12:55:51,2016-03-10T12:55:55,1,2.31,Negotiated fare,0,0,0,0,Credit card,88.88,0,0.5,22.42,0,0.3,112.1
148,1,2016-03-01T01:22:46,2016-03-01T01:23:18,1,1.33,Negotiated fare,40.76968002,-73.90997314,40.76971054,-73.90995026,Credit card,21.5,0,0,4.35,0,0.3,26.15
149,2,2016-03-10T14:18:53,2016-03-10T14:18:57,1,4.09,Negotiated fare,0,0,40.68320084,-73.94481659,Credit card,40,0,0,0,0,0.3,40.3
150,1,2016-03-01T05:33:32,2016-03-01T05:33:48,1,4.14,Negotiated fare,40.77403641,-73.87294006,40.77406311,-73.87291718,Credit card,45,0,0,5,0,0.3,50.3
151,2,2016-03-10T12:48:40,2016-03-10T12:48:42,1,6.94,Negotiated fare,40.774086,-73.87297821,40.77414322,-73.87304688,Credit card,50,0,0,0,0,0.3,50.3
152,2,2016-03-10T09:13:00,2016-03-10T09:13:41,1,0.92,Negotiated fare,40.7150383,-74.01611328,40.7150116,-74.01618195,Credit card,63.8,0,0.5,0,0,0.3,64.6
153,2,2016-03-01T04:08:05,2016-03-01T04:08:09,1,2.36,Negotiated fare,0,0,0,0,Credit card,80.3,0,0,0,0,0.3,80.6
154,2,2016-03-10T12:01:37,2016-03-10T12:02:10,2,1.56,Standard rate,0,0,0,0,Cash,1.5,0,0.5,0,0,0.3,2.3
155,2,2016-03-10T12:42:11,2016-03-10T12:42:52,2,2.19,Standard rate,0,0,0,0,Cash,1.5,0,0.5,0,0,0.3,2.3
156,2,2016-03-10T10:29:31,2016-03-10T10:29:57,2,3.87,Standard rate,0,0,0,0,Cash,1.5,0,0.5,0,0,0.3,2.3
157,2,2016-03-10T10:05:38,2016-03-10T10:06:08,2,1.13,Standard rate,0,0,0,0,Cash,1.5,0,0.5,0,0,0.3,2.3
158,2,2016-03-10T10:37:34,2016-03-10T10:38:01,2,1.19,Standard rate,0,0,0,0,Cash,1.5,0,0.5,0,0,0.3,2.3
159,2,2016-03-10T12:33:28,2016-03-10T12:34:03,2,1.22,Standard rate,0,0,0,0,Cash,1.5,0,0.5,0,0,0.3,2.3
160,2,2016-03-10T09:59:18,2016-03-10T09:59:42,2,1.03,Standard rate,0,0,0,0,Cash,1.5,0,0.5,0,0,0.3,2.3
161,2,2016-03-10T11:04:29,2016-03-10T11:05:05,2,0.85,Standard rate,0,0,0,0,Cash,1.5,0,0.5,0,0,0.3,2.3
162,2,2016-03-10T11:30:58,2016-03-10T11:31:50,2,4.94,Standard rate,37.38938904,-121.9332504,37.389328,-121.9332962,Credit card,1.5,0,0.5,0,0,0.3,2.3
163,2,2016-03-10T13:17:39,2016-03-10T13:18:24,2,1.15,Standard rate,0,0,0,0,Cash,1.5,0,0.5,0,0,0.3,2.3
164,2,2016-03-10T14:07:40,2016-03-10T14:13:09,2,2.77,Standard rate,37.38941574,-121.9331512,37.38948822,-121.9333267,Cash,2,0,0.5,0,0,0.3,2.8
165,2,2016-03-10T11:19:41,2016-03-10T11:19:48,1,2.72,Standard rate,40.76471329,-73.93675995,0,0,Cash,2.5,0,0.5,0,0,0.3,3.3
166,2,2016-03-10T08:23:10,2016-03-10T08:36:56,1,0.41,Standard rate,40.75786591,-73.96962738,40.76701355,-73.95370483,Cash,2.5,0,0.5,0,0,0.3,3.3
167,2,2016-03-10T10:20:54,2016-03-10T10:21:29,1,0.75,Standard rate,40.77455521,-73.98844147,40.77450562,-73.98848724,Cash,2.5,0,0.5,0,0,0.3,3.3
168,2,2016-03-10T11:01:53,2016-03-10T11:02:20,1,1.62,Standard rate,40.76139069,-73.96958923,40.76156998,-73.97029114,Cash,2.5,0,0.5,0,0,0.3,3.3
169,2,2016-03-10T14:22:56,2016-03-10T14:23:18,1,0.88,Standard rate,40.75528717,-73.97782135,40.75522614,-73.97733307,Cash,2.5,0,0.5,0,0,0.3,3.3
170,2,2016-03-10T10:58:02,2016-03-10T10:58:15,2,4.84,Standard rate,40.75521851,-73.97757721,40.75521851,-73.97757721,Cash,2.5,0,0.5,0,0,0.3,3.3
171,2,2016-03-10T12:36:53,2016-03-10T12:37:03,6,0.3,Standard rate,0,0,0,0,Cash,2.5,0,0.5,0,0,0.3,3.3
172,2,2016-03-10T07:52:57,2016-03-10T07:53:12,1,17.49,Standard rate,40.71756363,-73.99820709,0,0,Cash,2.5,0,0.5,0,0,0.3,3.3
173,2,2016-03-10T07:44:24,2016-03-10T07:45:25,1,1.63,Standard rate,0,0,40.76454926,-73.9367218,Cash,2.5,0,0.5,0,0,0.3,3.3
174,2,2016-03-10T10:31:25,2016-03-10T10:32:10,1,1.02,Standard rate,40.76989746,-73.86338043,40.76989746,-73.86338043,Cash,2.5,0,0.5,0,0,0.3,3.3
175,2,2016-03-01T01:20:58,2016-03-01T01:21:00,1,3.17,Negotiated fare,0,0,40.84851074,-73.93808746,Credit card,3,0,0,0,0,0.3,3.3
176,2,2016-03-10T11:14:11,2016-03-10T11:14:56,3,11.15,Standard rate,40.76485825,-73.93717194,40.76485825,-73.93717194,Credit card,2.5,0,0.5,0,0,0.3,3.3
177,1,2016-03-01T06:08:36,2016-03-01T06:08:48,1,12.59,Standard rate,40.71135712,-73.95597076,40.71088791,-73.95627594,No charge,2.5,0,0.5,0,0,0.3,3.3
178,2,2016-03-10T08:12:20,2016-03-10T08:12:22,6,2.67,Standard rate,0,0,0,0,Cash,2.5,0,0.5,0,0,0.3,3.3
179,2,2016-03-10T08:10:17,2016-03-10T08:10:24,1,0.83,Standard rate,0,0,40.76103973,-73.9675293,Cash,2.5,0,0.5,0,0,0.3,3.3
180,2,2016-03-10T07:13:33,2016-03-10T08:44:31,1,0.53,Standard rate,40.64638901,-73.78357697,40.72549057,-74.00492859,Cash,2.5,0,0.5,0,0,0.3,3.3
181,2,2016-03-10T13:30:10,2016-03-10T13:30:11,1,18.04,Standard rate,40.74932861,-73.98262787,40.74863815,-73.98113251,Cash,2.5,0,0.5,0,0,0.3,3.3
182,2,2016-03-10T08:00:17,2016-03-10T08:00:22,2,3.28,Standard rate,0,0,0,0,Cash,2.5,0,0.5,0,0,0.3,3.3
183,2,2016-03-10T12:54:07,2016-03-10T12:54:18,2,2.05,Standard rate,40.75662231,-73.98614502,0,0,Cash,2.5,0,0.5,0,0,0.3,3.3
184,2,2016-03-10T13:55:04,2016-03-10T13:55:22,1,0.94,Standard rate,40.74945068,-73.98374176,40.74945068,-73.98374176,Cash,2.5,0,0.5,0,0,0.3,3.3
185,2,2016-03-10T07:15:34,2016-03-10T07:15:36,5,0.72,Standard rate,0,0,40.76403046,-73.90209961,Cash,2.5,0,0.5,0,0,0.3,3.3
186,2,2016-03-10T08:49:46,2016-03-10T08:49:57,1,1.18,Standard rate,40.76506805,-73.96133423,40.76486206,-73.96124268,Cash,2.5,0,0.5,0,0,0.3,3.3
187,2,2016-03-10T09:28:21,2016-03-10T09:28:27,1,1.57,Standard rate,40.7646904,-73.93695831,40.76465607,-73.93696594,Cash,2.5,0,0.5,0,0,0.3,3.3
188,2,2016-03-10T08:31:07,2016-03-10T08:31:16,1,4.85,Standard rate,40.75201797,-73.97748566,0,0,Cash,2.5,0,0.5,0,0,0.3,3.3
189,2,2016-03-10T08:06:31,2016-03-10T08:07:17,1,0.56,Standard rate,40.70944977,-74.00727844,40.70565033,-74.00832367,Cash,2.5,0,0.5,0,0,0.3,3.3
190,2,2016-03-10T10:46:47,2016-03-10T10:47:02,1,2.58,Standard rate,40.64469147,-73.78202057,40.64487839,-73.78137207,Cash,2.5,0,0.5,0,0,0.3,3.3
191,2,2016-03-10T12:10:15,2016-03-10T12:10:51,1,2.89,Standard rate,40.7646904,-73.93691254,40.7646904,-73.93691254,Credit card,2.5,0,0.5,0,0,0.3,3.3
192,2,2016-03-10T10:31:19,2016-03-10T10:31:22,2,2.55,Standard rate,0,0,0,0,Cash,2.5,0,0.5,0,0,0.3,3.3
193,2,2016-03-10T10:57:56,2016-03-10T10:58:08,2,0.61,Standard rate,40.74534988,-73.98703003,0,0,Cash,2.5,0,0.5,0,0,0.3,3.3
194,2,2016-03-10T11:40:45,2016-03-10T11:40:53,1,1.06,Standard rate,40.64700699,-73.79000854,40.64689636,-73.79006195,Cash,2.5,0,0.5,0,0,0.3,3.3
195,2,2016-03-10T13:46:51,2016-03-10T13:47:16,1,1.26,Standard rate,40.78860855,-73.94903564,40.78860855,-73.94903564,Cash,2.5,0,0.5,0,0,0.3,3.3
196,2,2016-03-10T09:21:57,2016-03-10T09:22:18,1,3.05,Standard rate,40.76464081,-73.93701935,40.76464081,-73.93701935,Credit card,2.5,0,0.5,0,0,0.3,3.3
197,2,2016-03-10T14:22:45,2016-03-10T14:22:47,1,12.92,Standard rate,0,0,0,0,Cash,2.5,0,0.5,0,0,0.3,3.3
198,2,2016-03-10T13:38:30,2016-03-10T13:38:41,6,1.28,Standard rate,40.75019836,-73.9443512,0,0,Cash,2.5,0,0.5,0,0,0.3,3.3
199,2,2016-03-10T11:50:40,2016-03-10T11:50:40,1,2.01,Standard rate,0,0,40.76838684,-73.86254883,Cash,2.5,0,0.5,0,0,0.3,3.3
200,2,2016-03-10T13:23:49,2016-03-10T13:24:23,1,5.54,Standard rate,40.76484299,-73.93687439,40.76470566,-73.93695831,Credit card,2.5,0,0.5,0,0,0.3,3.3
201,1,2016-03-01T05:43:54,2016-03-01T05:44:30,2,0.86,Standard rate,40.75164413,-73.93405151,40.75165176,-73.93403625,Cash,2.5,0,0.5,0,0,0.3,3.3
202,1,2016-03-01T06:04:13,2016-03-01T06:04:21,1,15.18,Standard rate,40.75081253,-73.95002747,40.75081635,-73.95001984,Dispute,2.5,0,0.5,0,0,0.3,3.3
203,2,2016-03-10T14:05:33,2016-03-10T14:05:48,2,3.14,Standard rate,0,0,0,0,Cash,2.5,0,0.5,0,0,0.3,3.3
204,2,2016-03-10T07:46:18,2016-03-10T07:46:22,6,3.13,Standard rate,0,0,0,0,Cash,2.5,0,0.5,0,0,0.3,3.3
205,2,2016-03-10T09:07:47,2016-03-10T09:07:54,5,2.94,Standard rate,40.76386642,-73.90176392,0,0,Cash,2.5,0,0.5,0,0,0.3,3.3
206,2,2016-03-10T10:50:00,2016-03-10T10:50:04,2,4.79,Standard rate,0,0,40.76031876,-73.97373962,Cash,2.5,0,0.5,0,0,0.3,3.3
207,2,2016-03-10T09:08:22,2016-03-10T09:08:39,5,2.53,Standard rate,40.7756958,-73.9606781,40.7756958,-73.9606781,Cash,2.5,0,0.5,0,0,0.3,3.3
208,2,2016-03-01T06:12:00,2016-03-01T06:12:13,5,2.02,Standard rate,40.76298141,-73.90222931,40.76296997,-73.90222931,Cash,2.5,0,0.5,0,0,0.3,3.3
209,2,2016-03-10T12:03:14,2016-03-10T12:03:25,6,4.21,Standard rate,40.6449585,-73.77690125,40.6449585,-73.77690125,Cash,2.5,0,0.5,0,0,0.3,3.3
210,2,2016-03-10T13:53:53,2016-03-10T13:54:06,5,0.67,Standard rate,40.71493149,-74.01609039,40.71546936,-74.01580048,Cash,2.5,0,0.5,0,0,0.3,3.3
211,2,2016-03-10T09:26:16,2016-03-10T09:26:30,1,6.38,Standard rate,40.76212692,-73.97857666,0,0,Cash,2.5,0,0.5,0,0,0.3,3.3
212,2,2016-03-10T13:08:01,2016-03-10T13:08:09,2,1.08,Standard rate,40.75435638,-73.9803772,0,0,Cash,2.5,0,0.5,0,0,0.3,3.3
213,2,2016-03-10T12:56:17,2016-03-10T12:56:20,1,7.4,Standard rate,0,0,40.74168015,-74.00437164,Cash,2.5,0,0.5,0,0,0.3,3.3
214,2,2016-03-10T11:14:16,2016-03-10T11:39:40,1,1.29,Standard rate,40.75882339,-73.97225189,40.75642395,-73.99371338,Cash,2.5,0,0.5,0,0,0.3,3.3
215,2,2016-03-10T08:15:29,2016-03-10T08:15:33,1,1.41,Standard rate,0,0,40.74013901,-73.98665619,Cash,2.5,0,0.5,0,0,0.3,3.3
216,2,2016-03-10T09:43:57,2016-03-10T09:47:07,1,1.34,Standard rate,40.78293991,-73.95696259,40.78300858,-73.95691681,Cash,2.5,0,0.5,0,0,0.3,3.3
217,2,2016-03-10T13:05:11,2016-03-10T13:05:16,6,7.45,Standard rate,40.7240181,-74.00385284,40.72402954,-74.00386047,Cash,2.5,0,0.5,0,0,0.3,3.3
218,2,2016-03-10T09:37:55,2016-03-10T09:38:06,1,5.59,Standard rate,40.75246048,-73.93894958,0,0,Cash,2.5,0,0.5,0,0,0.3,3.3
219,2,2016-03-10T07:48:16,2016-03-10T07:48:53,1,2.04,Standard rate,40.64474106,-73.78188324,40.64474106,-73.78188324,Cash,2.5,0,0.5,0,0,0.3,3.3
220,2,2016-03-10T08:51:08,2016-03-10T08:51:28,1,1.36,Standard rate,40.7621727,-73.97225952,40.76236343,-73.97214508,Cash,2.5,0,0.5,0,0,0.3,3.3
221,2,2016-03-10T13:41:09,2016-03-10T13:41:34,6,3.62,Standard rate,40.75024033,-73.94419861,40.75021362,-73.94425201,Cash,2.5,0,0.5,0,0,0.3,3.3
222,2,2016-03-10T08:11:00,2016-03-10T08:11:02,6,0.77,Standard rate,0,0,0,0,Cash,2.5,0,0.5,0,0,0.3,3.3
223,2,2016-03-01T06:03:26,2016-03-01T06:03:31,1,1.12,Standard rate,40.77056885,-73.91755676,40.76990128,-73.9183197,Cash,2.5,0,0.5,0,0,0.3,3.3
224,2,2016-03-10T10:53:10,2016-03-10T10:53:15,1,2.44,Standard rate,0,0,0,0,Cash,2.5,0,0.5,0,0,0.3,3.3
225,2,2016-03-10T08:16:04,2016-03-10T08:16:16,1,3.38,Standard rate,0,0,40.76097107,-73.99475098,Cash,2.5,0,0.5,0,0,0.3,3.3
226,2,2016-03-10T09:49:01,2016-03-10T09:49:34,5,10.17,Standard rate,40.75725937,-73.98990631,40.75833893,-73.98915863,Cash,2.5,0,0.5,0,0,0.3,3.3
227,2,2016-03-10T12:55:55,2016-03-10T12:55:55,1,1.23,Standard rate,40.75764084,-73.97796631,40.76462555,-73.93698883,Cash,2.5,0,0.5,0,0,0.3,3.3
228,2,2016-03-10T09:35:14,2016-03-10T09:35:23,1,4.19,Standard rate,40.75148773,-73.98977661,0,0,Cash,2.5,0,0.5,0,0,0.3,3.3
229,2,2016-03-10T07:20:38,2016-03-10T07:21:03,1,2.28,Standard rate,40.75992966,-73.96497345,40.75992966,-73.96497345,Cash,2.5,0,0.5,0,0,0.3,3.3
230,2,2016-03-10T10:34:21,2016-03-10T10:34:26,1,3.54,Standard rate,0,0,0,0,Cash,2.5,0,0.5,0,0,0.3,3.3
231,2,2016-03-01T06:00:07,2016-03-01T06:00:11,1,2.09,Standard rate,0,0,0,0,Cash,2.5,0,0.5,0,0,0.3,3.3
232,2,2016-03-10T10:11:26,2016-03-10T10:11:37,1,1.95,Standard rate,40.83768845,-73.92144775,40.83768845,-73.92144775,Cash,2.5,0,0.5,0,0,0.3,3.3
233,2,2016-03-10T13:37:34,2016-03-10T13:37:41,2,2.08,Standard rate,0,0,0,0,Cash,2.5,0,0.5,0,0,0.3,3.3
234,1,2016-03-01T06:07:50,2016-03-01T06:07:50,1,10.42,Standard rate,40.76717758,-73.9863205,0,0,Cash,2.5,0,0.5,0,0,0.3,3.3
235,2,2016-03-10T13:56:24,2016-03-10T13:56:40,5,5.83,Standard rate,0,0,0,0,Cash,2.5,0,0.5,0,0,0.3,3.3
236,2,2016-03-10T07:44:01,2016-03-10T07:44:06,2,1.78,Standard rate,0,0,40.78015137,-73.97688293,Cash,2.5,0,0.5,0,0,0.3,3.3
237,2,2016-03-10T12:43:47,2016-03-10T12:43:55,1,6.05,Standard rate,40.76467133,-73.93679047,40.76465988,-73.93676758,Cash,2.5,0,0.5,0,0,0.3,3.3
238,2,2016-03-10T13:45:59,2016-03-10T13:46:02,6,1.09,Standard rate,0,0,40.77389908,-73.87111664,Cash,2.5,0,0.5,0,0,0.3,3.3
239,2,2016-03-10T14:13:34,2016-03-10T14:14:24,1,17.43,Standard rate,40.64472961,-73.7818985,40.64498138,-73.78128052,Cash,2.5,0,0.5,0,0,0.3,3.3
240,2,2016-03-10T11:17:41,2016-03-10T11:17:48,1,4.6,Standard rate,0,0,0,0,Cash,2.5,0,0.5,0,0,0.3,3.3
241,2,2016-03-10T13:30:10,2016-03-10T13:30:11,1,0.84,Standard rate,40.74932861,-73.98262787,40.74863815,-73.98113251,Dispute,-2.5,0,-0.5,0,0,-0.3,-3.3
242,2,2016-03-10T07:13:33,2016-03-10T08:44:31,1,2.62,Standard rate,40.64638901,-73.78357697,40.72549057,-74.00492859,No charge,-2.5,0,-0.5,0,0,-0.3,-3.3
243,2,2016-03-10T09:49:01,2016-03-10T09:49:34,5,3.79,Standard rate,40.75725937,-73.98990631,40.75833893,-73.98915863,No charge,-2.5,0,-0.5,0,0,-0.3,-3.3
244,2,2016-03-10T11:17:41,2016-03-10T11:17:48,1,1.93,Standard rate,0,0,0,0,Dispute,-2.5,0,-0.5,0,0,-0.3,-3.3
245,2,2016-03-10T13:53:53,2016-03-10T13:54:06,5,1.97,Standard rate,40.71493149,-74.01609039,40.71546936,-74.01580048,Dispute,-2.5,0,-0.5,0,0,-0.3,-3.3
246,2,2016-03-10T07:44:24,2016-03-10T07:45:25,1,0.74,Standard rate,0,0,40.76454926,-73.9367218,Dispute,-2.5,0,-0.5,0,0,-0.3,-3.3
247,2,2016-03-10T11:19:41,2016-03-10T11:19:48,1,6.71,Standard rate,40.76471329,-73.93675995,0,0,Dispute,-2.5,0,-0.5,0,0,-0.3,-3.3
248,2,2016-03-01T06:03:26,2016-03-01T06:03:31,1,4.66,Standard rate,40.77056885,-73.91755676,40.76990128,-73.9183197,No charge,-2.5,0,-0.5,0,0,-0.3,-3.3
249,2,2016-03-10T13:41:09,2016-03-10T13:41:34,6,13.28,Standard rate,40.75024033,-73.94419861,40.75021362,-73.94425201,No charge,-2.5,0,-0.5,0,0,-0.3,-3.3
250,2,2016-03-01T02:40:43,2016-03-01T02:40:50,1,6.81,Standard rate,40.82707214,-73.94639587,0,0,Cash,2.5,0.5,0.5,0,0,0.3,3.8
251,2,2016-03-01T00:57:07,2016-03-01T00:57:23,1,1.44,Standard rate,40.75805664,-73.9799118,40.75804138,-73.97989655,Cash,2.5,0.5,0.5,0,0,0.3,3.8
252,1,2016-03-01T04:47:37,2016-03-01T04:47:58,1,3.08,Standard rate,40.73886871,-73.99952698,40.73946762,-74.00115204,Cash,2.5,0.5,0.5,0,0,0.3,3.8
253,1,2016-03-01T05:34:00,2016-03-01T05:34:12,1,3.91,Standard rate,40.74987411,-73.94377136,40.74991989,-73.94402313,Cash,2.5,0.5,0.5,0,0,0.3,3.8
254,1,2016-03-01T03:20:27,2016-03-01T03:20:43,1,6.24,Standard rate,40.80903625,-73.92976379,40.80755997,-73.93223572,No charge,2.5,0.5,0.5,0,0,0.3,3.8
255,1,2016-03-01T04:29:01,2016-03-01T04:29:29,1,16.28,Standard rate,40.72615433,-74.00153351,40.72657394,-74.00209045,No charge,2.5,0.5,0.5,0,0,0.3,3.8
256,2,2016-03-10T14:19:22,2016-03-10T14:20:41,1,0.01,Standard rate,40.76369858,-73.90216827,40.76372147,-73.90225983,Cash,3,0,0.5,0,0,0.3,3.8
257,2,2016-03-01T05:23:47,2016-03-01T05:23:56,5,0,Standard rate,40.74985886,-73.97914124,40.74914169,-73.97969055,Cash,2.5,0.5,0.5,0,0,0.3,3.8
258,1,2016-03-01T00:21:30,2016-03-01T00:21:54,1,4.29,Standard rate,40.75154114,-73.94527435,40.75154114,-73.94527435,Cash,2.5,0.5,0.5,0,0,0.3,3.8
259,2,2016-03-01T01:49:23,2016-03-01T01:49:52,1,2.64,Standard rate,40.79124069,-73.94486237,40.79133606,-73.9447937,Cash,2.5,0.5,0.5,0,0,0.3,3.8
260,2,2016-03-01T03:48:36,2016-03-01T03:49:05,1,1.66,Standard rate,40.76002884,-73.98987579,40.75997162,-73.98991394,Cash,2.5,0.5,0.5,0,0,0.3,3.8
261,1,2016-03-01T04:04:51,2016-03-01T04:05:21,1,0.59,Standard rate,40.65637589,-73.79386902,40.65637589,-73.79386902,Cash,2.5,0.5,0.5,0,0,0.3,3.8
262,1,2016-03-01T02:53:22,2016-03-01T02:54:03,1,2.39,Standard rate,40.76278305,-73.98313141,40.76268387,-73.98310852,Cash,2.5,0.5,0.5,0,0,0.3,3.8
263,2,2016-03-10T11:48:33,2016-03-10T11:49:56,3,10.29,Standard rate,40.76390839,-73.90168762,40.76390839,-73.90168762,Cash,3,0,0.5,0,0,0.3,3.8
264,1,2016-03-01T00:53:31,2016-03-01T00:53:48,1,8.81,Standard rate,40.64448547,-73.78244781,40.64480209,-73.78192902,Cash,2.5,0.5,0.5,0,0,0.3,3.8
265,2,2016-03-01T04:20:18,2016-03-01T04:20:24,1,5.16,Standard rate,40.75694275,-73.98990631,40.75824356,-73.98803711,Cash,2.5,0.5,0.5,0,0,0.3,3.8
266,1,2016-03-01T05:04:31,2016-03-01T05:04:45,1,2.49,Standard rate,40.74497986,-73.92604828,40.74497986,-73.92604828,Cash,2.5,0.5,0.5,0,0,0.3,3.8
267,1,2016-03-01T00:18:42,2016-03-01T00:19:12,1,0.82,Standard rate,40.75154114,-73.94527435,40.75154114,-73.94527435,Cash,2.5,0.5,0.5,0,0,0.3,3.8
268,1,2016-03-01T00:17:00,2016-03-01T00:17:11,1,0.97,Standard rate,40.7336998,-73.9879303,40.7336998,-73.9879303,Cash,2.5,0.5,0.5,0,0,0.3,3.8
269,1,2016-03-01T00:47:43,2016-03-01T00:47:45,1,1.11,Standard rate,40.71788025,-73.95555115,40.71788025,-73.95555115,Cash,2.5,0.5,0.5,0,0,0.3,3.8
270,1,2016-03-01T00:52:37,2016-03-01T00:52:59,1,6.75,Standard rate,40.75653458,-73.96814728,40.75632095,-73.96791077,Cash,2.5,0.5,0.5,0,0,0.3,3.8
271,1,2016-03-01T02:42:49,2016-03-01T02:42:57,1,8.17,Standard rate,40.7515564,-73.94502258,40.7515564,-73.94500732,Cash,2.5,0.5,0.5,0,0,0.3,3.8
272,1,2016-03-01T04:58:10,2016-03-01T04:59:06,1,0.39,Standard rate,40.81085587,-73.93030548,40.81086731,-73.93032074,Cash,2.5,0.5,0.5,0,0,0.3,3.8
273,2,2016-03-01T05:47:52,2016-03-01T05:47:56,6,1.46,Standard rate,0,0,40.83710861,-73.86148834,Cash,2.5,0.5,0.5,0,0,0.3,3.8
274,1,2016-03-01T03:33:52,2016-03-01T03:34:53,2,2.76,Standard rate,40.8270874,-73.88736725,40.8270874,-73.88696289,Cash,2.5,0.5,0.5,0,0,0.3,3.8
275,1,2016-03-01T00:11:21,2016-03-01T00:11:21,1,4.05,Standard rate,40.7515564,-73.94494629,0,0,Cash,2.5,0.5,0.5,0,0,0.3,3.8
276,1,2016-03-01T00:16:27,2016-03-01T00:16:30,1,5.51,Standard rate,40.64535904,-73.7766571,40.64537811,-73.7766571,Cash,2.5,0.5,0.5,0,0,0.3,3.8
277,1,2016-03-01T05:17:17,2016-03-01T05:17:19,1,3.57,Standard rate,40.75043106,-73.95115662,40.75043106,-73.95116425,No charge,2.5,0.5,0.5,0,0,0.3,3.8
278,2,2016-03-01T04:47:20,2016-03-01T04:47:23,1,2.88,Standard rate,0,0,0,0,Cash,2.5,0.5,0.5,0,0,0.3,3.8
279,1,2016-03-01T00:15:46,2016-03-01T00:16:00,1,0.87,Standard rate,40.75154114,-73.94527435,40.75154114,-73.94527435,Cash,2.5,0.5,0.5,0,0,0.3,3.8
280,2,2016-03-10T14:20:15,2016-03-10T14:22:02,1,0.43,Standard rate,40.75203323,-73.97887421,40.75211716,-73.97900391,Cash,3,0,0.5,0,0,0.3,3.8
281,2,2016-03-10T11:42:44,2016-03-10T11:44:30,1,0.52,Standard rate,40.76374054,-73.90225983,40.76371002,-73.90225983,Cash,3,0,0.5,0,0,0.3,3.8
282,2,2016-03-10T09:00:39,2016-03-10T09:01:47,5,1.25,Standard rate,40.76398087,-73.90196991,40.76401138,-73.90203094,Cash,3,0,0.5,0,0,0.3,3.8
283,2,2016-03-01T05:11:56,2016-03-01T05:12:03,5,0.69,Standard rate,40.75400162,-73.88126373,40.75400162,-73.88126373,Cash,2.5,0.5,0.5,0,0,0.3,3.8
284,1,2016-03-01T05:43:57,2016-03-01T05:44:58,1,1.17,Standard rate,40.64456177,-73.78195953,40.64466476,-73.78175354,Cash,3,0,0.5,0,0,0.3,3.8
285,2,2016-03-10T07:11:55,2016-03-10T07:13:17,5,1.99,Standard rate,40.76422119,-73.90211487,40.76423264,-73.90207672,Cash,3,0,0.5,0,0,0.3,3.8
286,1,2016-03-01T00:16:17,2016-03-01T00:16:23,1,18.85,Standard rate,40.75154114,-73.94527435,40.75154114,-73.94527435,Cash,2.5,0.5,0.5,0,0,0.3,3.8
287,1,2016-03-01T00:22:08,2016-03-01T00:22:26,1,2.16,Standard rate,40.75154114,-73.94527435,40.75154114,-73.94527435,Cash,2.5,0.5,0.5,0,0,0.3,3.8
288,2,2016-03-01T00:10:00,2016-03-01T00:10:04,1,2.56,Standard rate,40.75687408,-73.98977661,40.75677109,-73.98988342,Cash,2.5,0.5,0.5,0,0,0.3,3.8
289,1,2016-03-01T02:39:33,2016-03-01T02:39:40,1,6.03,Standard rate,40.72578049,-73.98378754,40.72612,-73.98347473,No charge,2.5,0.5,0.5,0,0,0.3,3.8
290,1,2016-03-01T05:06:27,2016-03-01T05:06:35,1,8.35,Standard rate,40.77816391,-73.94869232,40.77813721,-73.94863129,No charge,2.5,0.5,0.5,0,0,0.3,3.8
291,2,2016-03-10T08:11:10,2016-03-10T08:12:31,1,17.17,Standard rate,40.7638588,-73.90193939,40.76385117,-73.90196228,Cash,3,0,0.5,0,0,0.3,3.8
292,2,2016-03-01T00:30:07,2016-03-01T00:30:26,2,19.57,Standard rate,0,0,0,0,Cash,2.5,0.5,0.5,0,0,0.3,3.8
293,1,2016-03-01T02:19:36,2016-03-01T02:20:02,1,3.06,Standard rate,40.75794601,-73.97106934,40.75782013,-73.9710083,No charge,2.5,0.5,0.5,0,0,0.3,3.8
294,2,2016-03-01T01:37:58,2016-03-01T01:38:03,2,2.43,Standard rate,0,0,0,0,Cash,2.5,0.5,0.5,0,0,0.3,3.8
295,2,2016-03-01T02:27:28,2016-03-01T02:27:33,6,9.7,Standard rate,0,0,0,0,Credit card,2.5,0.5,0.5,0,0,0.3,3.8
296,2,2016-03-01T05:05:16,2016-03-01T05:05:26,1,0.02,Standard rate,40.64487076,-73.78173065,0,0,Cash,2.5,0.5,0.5,0,0,0.3,3.8
297,2,2016-03-10T12:19:25,2016-03-10T12:20:34,1,4.81,Standard rate,40.76375961,-73.90229797,40.76377106,-73.90229797,Cash,3,0,0.5,0,0,0.3,3.8
298,1,2016-03-01T00:20:08,2016-03-01T00:20:42,1,17.47,Standard rate,40.75154114,-73.94527435,40.75154114,-73.94527435,Cash,2.5,0.5,0.5,0,0,0.3,3.8
299,1,2016-03-01T00:24:39,2016-03-01T00:24:42,1,1.61,Standard rate,40.75154114,-73.94527435,40.75154114,-73.94527435,No charge,2.5,0.5,0.5,0,0,0.3,3.8
300,1,2016-03-01T05:44:48,2016-03-01T05:45:14,1,3.03,Standard rate,40.75143814,-73.94540405,40.75144577,-73.94541168,Cash,2.5,0.5,0.5,0,0,0.3,3.8
301,2,2016-03-10T11:43:15,2016-03-10T11:45:54,3,5.56,Standard rate,40.76390076,-73.90181732,40.76388931,-73.90180206,Cash,3,0,0.5,0,0,0.3,3.8
302,2,2016-03-01T00:05:48,2016-03-01T00:05:52,1,3.85,Standard rate,0,0,0,0,Cash,2.5,0.5,0.5,0,0,0.3,3.8
303,1,2016-03-01T02:29:01,2016-03-01T02:29:12,1,2.13,Standard rate,40.65692139,-73.79433441,40.65692139,-73.79433441,Cash,2.5,0.5,0.5,0,0,0.3,3.8
304,1,2016-03-01T03:54:00,2016-03-01T03:54:05,1,8.91,Standard rate,40.60476303,-73.97429657,40.60476685,-73.97429657,Cash,2.5,0.5,0.5,0,0,0.3,3.8
305,1,2016-03-01T05:48:25,2016-03-01T05:48:29,1,7.82,Standard rate,40.76198578,-73.99206543,40.76200485,-73.9920578,Cash,2.5,0.5,0.5,0,0,0.3,3.8
306,1,2016-03-01T04:58:09,2016-03-01T05:00:37,1,9.66,Standard rate,40.76591873,-73.97686005,40.76592636,-73.97685242,Cash,2.5,0.5,0.5,0,0,0.3,3.8
307,1,2016-03-01T02:36:27,2016-03-01T02:36:27,1,1.69,Standard rate,0,0,0,0,Cash,2.5,0.5,0.5,0,0,0.3,3.8
308,1,2016-03-01T00:19:34,2016-03-01T00:19:53,1,0.65,Standard rate,40.75154114,-73.94527435,40.75154114,-73.94527435,Cash,2.5,0.5,0.5,0,0,0.3,3.8
309,1,2016-03-01T00:20:57,2016-03-01T00:21:14,1,4.75,Standard rate,40.75154114,-73.94527435,40.75154114,-73.94527435,Cash,2.5,0.5,0.5,0,0,0.3,3.8
310,2,2016-03-01T01:47:33,2016-03-01T01:47:58,1,2.87,Standard rate,40.7509613,-73.99381256,40.75105667,-73.99375153,Cash,2.5,0.5,0.5,0,0,0.3,3.8
311,1,2016-03-01T05:45:30,2016-03-01T05:45:48,1,2.34,Standard rate,40.76324463,-73.9828186,40.76322556,-73.9828186,No charge,2.5,0.5,0.5,0,0,0.3,3.8
312,2,2016-03-10T13:13:33,2016-03-10T13:14:57,1,2.14,Standard rate,40.76486969,-73.93710327,40.76498032,-73.93717194,Credit card,3,0,0.5,0,0,0.3,3.8
313,2,2016-03-10T09:27:53,2016-03-10T09:29:18,1,22,Standard rate,40.76131821,-73.99571228,40.7614212,-73.9957428,Cash,3,0,0.5,0,0,0.3,3.8
314,2,2016-03-10T11:37:40,2016-03-10T11:39:00,1,4.69,Standard rate,40.74186707,-74.0042572,40.74188232,-74.0043869,Cash,3,0,0.5,0,0,0.3,3.8
315,1,2016-03-01T00:38:58,2016-03-01T00:39:27,1,13.27,Standard rate,40.75143814,-73.94539642,40.75143814,-73.94539642,Cash,2.5,0.5,0.5,0,0,0.3,3.8
316,1,2016-03-01T03:25:38,2016-03-01T03:25:44,1,2.15,Standard rate,40.65631485,-73.79432678,40.65631485,-73.79432678,Cash,2.5,0.5,0.5,0,0,0.3,3.8
317,2,2016-03-01T00:16:42,2016-03-01T00:17:54,1,1.81,Standard rate,40.77124786,-73.95046234,40.77125549,-73.95048523,Cash,2.5,0.5,0.5,0,0,0.3,3.8
318,1,2016-03-01T01:44:03,2016-03-01T01:44:03,2,0.81,Standard rate,40.72423553,-73.99706268,0,0,Cash,2.5,0.5,0.5,0,0,0.3,3.8
319,2,2016-03-01T00:08:36,2016-03-01T00:08:41,1,3.1,Standard rate,40.76471329,-73.93682861,40.76469421,-73.93683624,Cash,2.5,0.5,0.5,0,0,0.3,3.8
320,1,2016-03-01T00:42:12,2016-03-01T00:42:59,1,18.67,Standard rate,40.73901749,-73.99449158,40.7390213,-73.99449158,Cash,2.5,0.5,0.5,0,0,0.3,3.8
321,2,2016-03-01T00:06:54,2016-03-01T00:07:11,2,18.05,Standard rate,40.64509583,-73.7869339,40.64509583,-73.7869339,Cash,2.5,0.5,0.5,0,0,0.3,3.8
322,1,2016-03-01T05:44:50,2016-03-01T05:45:27,1,8.74,Standard rate,40.75617981,-73.99035645,40.75716782,-73.98959351,No charge,2.5,0.5,0.5,0,0,0.3,3.8
323,1,2016-03-01T01:26:24,2016-03-01T01:27:20,2,12.76,Standard rate,40.72631836,-73.98332977,40.72650146,-73.9842453,No charge,2.5,0.5,0.5,0,0,0.3,3.8
324,1,2016-03-01T05:14:36,2016-03-01T05:14:49,1,1.27,Standard rate,40.74988556,-73.94285583,40.74988556,-73.94285583,Cash,2.5,0.5,0.5,0,0,0.3,3.8
325,1,2016-03-01T04:43:31,2016-03-01T04:43:34,1,4.63,Standard rate,40.74398804,-73.99557495,40.74401093,-73.99558258,No charge,2.5,0.5,0.5,0,0,0.3,3.8
326,1,2016-03-01T00:38:33,2016-03-01T00:38:35,1,3.35,Standard rate,40.70033646,-73.90395355,40.70033646,-73.90395355,Cash,2.5,0.5,0.5,0,0,0.3,3.8
327,1,2016-03-01T04:01:23,2016-03-01T04:01:51,1,3.52,Standard rate,40.76290894,-73.97188568,40.76290894,-73.97188568,Cash,2.5,0.5,0.5,0,0,0.3,3.8
328,2,2016-03-10T11:57:39,2016-03-10T11:59:24,2,2.12,Standard rate,40.7857933,-73.95103455,40.77940369,-73.9556427,Cash,3,0,0.5,0,0,0.3,3.8
329,2,2016-03-01T05:54:21,2016-03-01T05:54:23,6,1.73,Standard rate,0,0,40.7612381,-73.99578857,Cash,2.5,0.5,0.5,0,0,0.3,3.8
330,1,2016-03-01T00:08:10,2016-03-01T00:08:37,1,1.05,Standard rate,40.76044846,-73.97337341,40.76034927,-73.97215271,Cash,2.5,0.5,0.5,0,0,0.3,3.8
331,1,2016-03-01T01:01:26,2016-03-01T01:02:37,1,2.22,Standard rate,40.76102829,-73.99052429,40.76065826,-73.99134827,No charge,2.5,0.5,0.5,0,0,0.3,3.8
332,2,2016-03-01T00:08:00,2016-03-01T00:08:05,3,5.32,Standard rate,0,0,0,0,Cash,2.5,0.5,0.5,0,0,0.3,3.8
333,2,2016-03-01T05:14:20,2016-03-01T05:15:11,1,3.68,Standard rate,40.80620956,-73.94673157,40.80620956,-73.94673157,Cash,2.5,0.5,0.5,0,0,0.3,3.8
334,1,2016-03-01T05:56:55,2016-03-01T05:57:50,1,1.87,Standard rate,40.7624588,-73.9678421,40.76202774,-73.96810913,No charge,2.5,0.5,0.5,0,0,0.3,3.8
335,1,2016-03-01T04:47:08,2016-03-01T04:47:42,1,3.02,Standard rate,40.78063583,-73.95256805,40.78063583,-73.95256805,Dispute,2.5,0.5,0.5,0,0,0.3,3.8
336,2,2016-03-01T00:40:16,2016-03-01T00:40:18,5,1.54,Standard rate,0,0,40.64472961,-73.78185272,Cash,2.5,0.5,0.5,0,0,0.3,3.8
337,1,2016-03-01T04:37:16,2016-03-01T04:38:27,1,6.5,Standard rate,40.8008194,-73.95828247,40.80018997,-73.95915985,Cash,2.5,0.5,0.5,0,0,0.3,3.8
338,2,2016-03-01T01:25:41,2016-03-01T01:25:49,6,4.1,Standard rate,40.76972961,-73.98935699,40.76982117,-73.98931885,Cash,2.5,0.5,0.5,0,0,0.3,3.8
339,1,2016-03-01T00:57:16,2016-03-01T00:57:16,4,6.53,Standard rate,40.81051636,-73.96204376,0,0,Cash,2.5,0.5,0.5,0,0,0.3,3.8
340,2,2016-03-01T02:25:36,2016-03-01T02:26:03,1,20.6,Standard rate,40.66094971,-73.92066193,40.66094971,-73.92066193,Cash,2.5,0.5,0.5,0,0,0.3,3.8
341,2,2016-03-10T11:39:16,2016-03-10T11:42:03,6,2.35,Standard rate,40.76459885,-73.97976685,40.76472855,-73.98195648,Cash,3,0,0.5,0,0,0.3,3.8
342,1,2016-03-01T00:15:13,2016-03-01T00:15:26,1,2.79,Standard rate,40.75154114,-73.94527435,40.75154114,-73.94527435,Cash,2.5,0.5,0.5,0,0,0.3,3.8
343,1,2016-03-01T00:34:24,2016-03-01T00:34:49,1,18.23,Standard rate,40.7584343,-73.98908234,40.75858688,-73.98899841,Credit card,2.5,0.5,0.5,0,0,0.3,3.8
344,1,2016-03-01T02:03:19,2016-03-01T02:04:10,1,1.48,Standard rate,40.81064606,-73.95429993,40.81064987,-73.95429993,Cash,2.5,0.5,0.5,0,0,0.3,3.8
345,1,2016-03-01T03:39:03,2016-03-01T03:39:50,1,3.82,Standard rate,40.76972961,-73.96287537,40.76915741,-73.96309662,No charge,2.5,0.5,0.5,0,0,0.3,3.8
346,1,2016-03-01T05:13:33,2016-03-01T05:14:51,2,8.95,Standard rate,40.72267151,-73.99697876,40.7224617,-73.99707794,Dispute,2.5,0.5,0.5,0,0,0.3,3.8
347,2,2016-03-10T12:59:20,2016-03-10T13:00:41,1,1.49,Standard rate,40.76456833,-73.9369812,40.76453781,-73.9369278,Credit card,3,0,0.5,0,0,0.3,3.8
348,2,2016-03-10T07:53:20,2016-03-10T07:55:02,5,1.24,Standard rate,40.76441193,-73.90195465,40.76447678,-73.90193939,Cash,3,0,0.5,0,0,0.3,3.8
349,2,2016-03-01T03:33:52,2016-03-01T03:34:01,5,2.78,Standard rate,40.74081039,-74.0049057,40.74214172,-74.00791168,Cash,2.5,0.5,0.5,0,0,0.3,3.8
350,1,2016-03-01T00:02:17,2016-03-01T00:02:22,1,1.01,Standard rate,40.67470169,-73.99958038,40.67469788,-73.99958038,No charge,2.5,0.5,0.5,0,0,0.3,3.8
351,2,2016-03-01T00:03:04,2016-03-01T00:03:22,5,0.04,Standard rate,0,0,0,0,Cash,2.5,0.5,0.5,0,0,0.3,3.8
352,2,2016-03-01T01:12:18,2016-03-01T01:13:37,1,4.56,Standard rate,40.76932526,-73.99198151,40.76945114,-73.99196625,Cash,2.5,0.5,0.5,0,0,0.3,3.8
353,2,2016-03-01T00:31:02,2016-03-01T00:31:08,2,2.03,Standard rate,0,0,0,0,Cash,2.5,0.5,0.5,0,0,0.3,3.8
354,2,2016-03-01T05:23:47,2016-03-01T05:23:56,5,2.33,Standard rate,40.74985886,-73.97914124,40.74914169,-73.97969055,No charge,-2.5,-0.5,-0.5,0,0,-0.3,-3.8
355,2,2016-03-10T09:27:53,2016-03-10T09:29:18,1,1.88,Standard rate,40.76131821,-73.99571228,40.7614212,-73.9957428,No charge,-3,0,-0.5,0,0,-0.3,-3.8
356,2,2016-03-01T00:06:54,2016-03-01T00:07:11,2,0.64,Standard rate,40.64509583,-73.7869339,40.64509583,-73.7869339,Dispute,-2.5,-0.5,-0.5,0,0,-0.3,-3.8
357,2,2016-03-01T02:40:43,2016-03-01T02:40:50,1,18.81,Standard rate,40.82707214,-73.94639587,0,0,No charge,-2.5,-0.5,-0.5,0,0,-0.3,-3.8
358,2,2016-03-01T04:20:18,2016-03-01T04:20:24,1,17.36,Standard rate,40.75694275,-73.98990631,40.75824356,-73.98803711,Dispute,-2.5,-0.5,-0.5,0,0,-0.3,-3.8
359,2,2016-03-01T00:10:00,2016-03-01T00:10:04,1,5.5,Standard rate,40.75687408,-73.98977661,40.75677109,-73.98988342,No charge,-2.5,-0.5,-0.5,0,0,-0.3,-3.8
360,2,2016-03-10T13:58:58,2016-03-10T13:59:10,1,2.41,Negotiated fare,40.80383682,-73.9358139,40.80384064,-73.9358139,Credit card,6.3,0,0,0,0,0.3,6.6
361,2,2016-03-10T12:41:22,2016-03-10T12:41:24,1,0.98,Negotiated fare,0,0,0,0,Credit card,6.3,0,0.5,0,0,0.3,7.1
362,2,2016-03-10T09:41:30,2016-03-10T09:41:34,1,2.75,Negotiated fare,0,0,40.83731842,-73.9167099,Credit card,5.8,0,0,1.5,0,0.3,7.6
363,2,2016-03-01T00:36:48,2016-03-01T00:36:52,1,3.94,Negotiated fare,0,0,0,0,Cash,8.9,0,0,0,0,0.3,9.2
364,2,2016-03-10T08:25:49,2016-03-11T00:00:00,1,5.02,Negotiated fare,40.90301132,-73.94946289,40.90301895,-73.94944763,Cash,13.9,0,0.5,0,0,0.3,14.7
365,2,2016-03-01T00:42:26,2016-03-01T00:42:30,1,0.68,Negotiated fare,40.6175499,-73.93672943,40.6175499,-73.93672943,Credit card,40,0,0.5,2,0,0.3,42.8
366,1,2016-03-01T02:39:45,2016-03-01T02:40:49,1,3.67,Negotiated fare,40.73802948,-74.03655243,40.73799515,-74.03656006,Credit card,40,0,0,0,10.5,0.3,50.8
367,2,2016-03-01T05:45:38,2016-03-01T05:45:52,1,4.4,Negotiated fare,0,0,40.79829025,-74.06632233,Credit card,50,0,0.5,0,0,0.3,50.8
368,2,2016-03-10T08:22:54,2016-03-10T08:22:57,1,4.92,JFK,40.78789139,-73.95580292,40.78712845,-73.95632935,Cash,52,0,0.5,0,0,0.3,52.8
369,2,2016-03-10T09:38:42,2016-03-10T09:38:49,1,3.29,JFK,0,0,0,0,Cash,52,0,0.5,0,0,0.3,52.8
370,1,2016-03-01T03:10:50,2016-03-01T03:11:18,1,14.76,JFK,40.73501968,-73.97454834,40.73506165,-73.97460938,No charge,52,0,0.5,0,0,0.3,52.8
371,2,2016-03-01T00:21:05,2016-03-01T00:21:08,2,12.39,JFK,0,0,0,0,Cash,52,0,0.5,0,0,0.3,52.8
372,2,2016-03-10T07:57:29,2016-03-10T07:57:44,1,5.78,JFK,40.76557159,-73.96787262,40.76556015,-73.9678421,Cash,52,0,0.5,0,0,0.3,52.8
373,2,2016-03-10T08:36:23,2016-03-10T08:36:33,3,6.76,JFK,40.77407455,-73.87450409,0,0,Cash,52,0,0.5,0,0,0.3,52.8
374,2,2016-03-10T13:24:52,2016-03-10T13:24:55,1,5.13,JFK,0,0,0,0,Cash,52,0,0.5,0,0,0.3,52.8
375,2,2016-03-01T05:40:01,2016-03-01T05:40:32,1,0.96,JFK,40.64492416,-73.77722168,40.64554214,-73.77684784,Cash,52,0,0.5,0,0,0.3,52.8
376,2,2016-03-10T07:51:27,2016-03-10T07:58:10,1,2.95,JFK,40.76387024,-73.90205383,40.76395035,-73.90211487,Cash,52,0,0.5,0,0,0.3,52.8
377,2,2016-03-10T13:44:01,2016-03-10T13:44:03,1,4.2,JFK,0,0,40.64533615,-73.77641296,Credit card,52,0,0.5,0,0,0.3,52.8
378,2,2016-03-10T08:55:34,2016-03-10T08:55:38,1,2.68,JFK,0,0,0,0,Cash,52,0,0.5,0,0,0.3,52.8
379,2,2016-03-01T00:24:44,2016-03-01T00:24:47,1,13.92,JFK,0,0,40.76990128,-73.98445892,Credit card,52,0,0.5,6,0,0.3,58.8
380,2,2016-03-10T09:59:41,2016-03-10T10:01:00,1,19.02,JFK,40.64374161,-73.78340149,40.64374161,-73.78340149,Credit card,52,0,0.5,4,6,0.3,62.8
381,2,2016-03-10T10:33:56,2016-03-10T10:35:13,1,6.36,Standard rate,40.76473618,-73.93704987,40.76473236,-73.93711853,Cash,1.1,0,0.5,0,0,0.3,1.9
382,2,2016-03-01T06:11:09,2016-03-01T06:11:15,3,2.11,Standard rate,40.75191116,-73.85446167,40.75165939,-73.85463715,Credit card,2.5,0,0.5,30,0,0.3,33.3
383,2,2016-03-01T00:31:41,2016-03-01T00:31:44,1,1.55,Negotiated fare,0,0,40.74633026,-73.91332245,Credit card,35,0,0,0,0,0.3,35.3
384,2,2016-03-01T00:03:33,2016-03-01T00:03:35,1,2.29,Negotiated fare,0,0,0,0,Credit card,35,0,0,0,0,0.3,35.3
385,1,2016-03-01T05:29:30,2016-03-01T05:29:45,1,6.72,Negotiated fare,40.77413559,-73.87306976,40.7741394,-73.87303925,Cash,45,0,0,0,0,0.3,45.3
386,1,2016-03-01T05:31:11,2016-03-01T05:31:29,1,4.97,Negotiated fare,40.77409363,-73.87290955,40.77436447,-73.87316132,Cash,45,0,0,0,0,0.3,45.3
387,1,2016-03-01T05:27:39,2016-03-01T05:27:56,1,17.83,Negotiated fare,40.77444077,-73.8729248,40.77441788,-73.87314606,Cash,45,0,0,0,0,0.3,45.3
388,2,2016-03-10T08:20:38,2016-03-10T15:03:54,0,16.3,JFK,0,0,0,0,Cash,52,4.5,0.5,0,0,0.3,57.3
389,1,2016-03-01T00:38:54,2016-03-01T00:39:14,1,2.52,Negotiated fare,40.71631241,-74.01068878,40.71631241,-74.01068878,Credit card,53,0,0,8,0,0.3,61.3
390,1,2016-03-01T01:44:10,2016-03-01T01:44:50,1,8.46,Negotiated fare,40.77412796,-73.95187378,40.7743187,-73.95174408,Credit card,58,0,0,5,0,0.3,63.3
391,1,2016-03-01T01:08:25,2016-03-01T01:09:14,3,3.45,Negotiated fare,40.77494431,-73.96356201,40.7751236,-73.96347809,Credit card,60,0,0,15.05,0,0.3,75.35
392,2,2016-03-01T01:37:40,2016-03-01T01:37:44,1,0.91,Negotiated fare,0,0,40.70510101,-74.00724792,Credit card,30,0,0.5,5,0,0.3,35.8
393,2,2016-03-01T00:27:06,2016-03-01T00:28:29,1,17.89,Negotiated fare,40.75428009,-73.98043823,40.75432968,-73.98047638,Credit card,45,0,0.5,0,0,0.3,45.8
394,1,2016-03-01T00:46:25,2016-03-01T00:46:49,1,17.18,JFK,40.71456146,-73.97966003,40.71456146,-73.97966003,Credit card,52,0,0.5,3,0,0.3,55.8
395,1,2016-03-01T00:19:03,2016-03-01T00:19:10,1,5.36,JFK,40.72263718,-73.98296356,40.72263718,-73.98296356,Credit card,52,0,0.5,9,0,0.3,61.8
396,1,2016-03-01T01:45:24,2016-03-01T01:45:54,1,3.81,Negotiated fare,41.20454788,-73.62021637,41.20454788,-73.62021637,Credit card,209,0,0,42.95,5.54,0.3,257.79
397,2,2016-03-10T13:14:44,2016-03-10T13:19:16,1,7.11,Standard rate,40.79859924,-73.97084808,40.78693008,-73.97731781,Credit card,4.5,0,0.5,1.06,0,0.3,6.36
398,2,2016-03-10T11:29:54,2016-03-10T11:34:12,2,17.56,Standard rate,40.78076935,-73.9814682,40.78601837,-73.98107147,Credit card,4.5,0,0.5,1.06,0,0.3,6.36
399,2,2016-03-10T09:45:10,2016-03-10T09:45:12,2,1.79,Negotiated fare,40.63804245,-73.69317627,40.63803101,-73.69316864,Credit card,84,0,0.5,16.96,0,0.3,101.76
400,2,2016-03-10T13:51:24,2016-03-10T13:51:35,1,2.86,JFK,40.64557648,-73.77627563,40.64558029,-73.77628326,Credit card,52,0,0.5,11.67,5.54,0.3,70.01
401,2,2016-03-10T11:41:44,2016-03-10T11:42:00,6,1.89,JFK,40.64881134,-73.78304291,40.64862823,-73.78315735,Credit card,52,0,0.5,11.67,5.54,0.3,70.01
402,2,2016-03-10T11:18:14,2016-03-10T11:18:24,1,8.1,JFK,40.72417068,-73.98270416,0,0,Credit card,52,0,0.5,11.67,5.54,0.3,70.01
403,2,2016-03-10T07:59:05,2016-03-10T07:59:15,1,0.76,JFK,40.75971603,-73.98597717,40.75985336,-73.98590088,Credit card,52,0,0.5,11.67,5.54,0.3,70.01
404,2,2016-03-10T10:09:31,2016-03-10T10:09:40,1,17.38,JFK,0,0,0,0,Credit card,52,0,0.5,11.67,5.54,0.3,70.01
405,2,2016-03-01T00:01:06,2016-03-01T00:02:35,1,4,JFK,40.7577095,-73.98458099,40.7577095,-73.98458099,Credit card,52,0,0.5,11.67,5.54,0.3,70.01
406,2,2016-03-10T07:56:58,2016-03-10T07:57:08,1,2.71,JFK,40.74848175,-73.9801712,40.74868011,-73.98014832,Credit card,52,0,0.5,11.67,5.54,0.3,70.01
407,2,2016-03-01T00:48:04,2016-03-01T00:48:13,2,0.63,Negotiated fare,40.72740936,-74.03404999,40.72729874,-74.03420258,Credit card,62,0,0,12.46,0,0.3,74.76
408,2,2016-03-01T01:18:48,2016-03-01T01:19:01,1,3.66,JFK,40.72809982,-73.99100494,0,0,Credit card,52,0,0.5,14.58,5.54,0.3,72.92
409,2,2016-03-10T14:10:07,2016-03-10T14:10:11,1,0.44,Negotiated fare,0,0,0,0,Credit card,40,0,0.5,8.16,0,0.3,48.96
410,2,2016-03-10T12:42:22,2016-03-10T12:42:26,1,3.09,Negotiated fare,0,0,0,0,Credit card,45,0,0.5,9.16,0,0.3,54.96
411,2,2016-03-10T14:25:43,2016-03-10T14:25:46,1,12.25,Negotiated fare,0,0,40.76839828,-73.86167908,Credit card,45,0,0.5,9.16,0,0.3,54.96
412,2,2016-03-10T12:26:18,2016-03-10T12:26:21,1,9.07,Negotiated fare,0,0,40.77087021,-73.86550903,Credit card,50,0,0.5,10.16,0,0.3,60.96
413,2,2016-03-10T11:23:49,2016-03-10T11:32:13,5,19.47,Standard rate,40.76448059,-73.9957962,40.75183487,-73.99261475,Credit card,6.5,0,0.5,2.19,0,0.3,9.49
414,2,2016-03-10T13:00:43,2016-03-10T13:06:49,5,12.55,Standard rate,40.76589966,-73.96366119,40.76102829,-73.96897125,Credit card,5.5,0,0.5,1.58,0,0.3,7.88
415,2,2016-03-10T09:37:07,2016-03-10T09:50:23,1,0.62,Standard rate,40.7772522,-73.98896027,40.76541138,-73.96427155,Credit card,9,0,0.5,1.96,0,0.3,11.76
416,2,2016-03-10T11:39:09,2016-03-10T11:52:49,5,11.27,Standard rate,40.71815109,-73.98645782,40.71532822,-74.00937653,Credit card,9,0,0.5,1.96,0,0.3,11.76
417,2,2016-03-10T12:21:35,2016-03-10T12:21:40,2,0.45,Negotiated fare,0,0,40.64162827,-73.78907013,Credit card,58.54,0,0.5,0,0,0,59.04
418,2,2016-03-10T09:24:47,2016-03-10T09:25:04,1,2.84,Negotiated fare,0,0,0,0,Credit card,29.99,0,0.5,3,0,0.3,33.79
419,2,2016-03-10T09:07:43,2016-03-10T09:07:46,1,6.37,Negotiated fare,0,0,0,0,Credit card,13,0,0.5,2.76,0,0.3,16.56
420,2,2016-03-10T13:54:46,2016-03-10T14:21:21,5,7.37,Standard rate,40.76900101,-73.98882294,40.70497894,-74.00756836,Credit card,15.5,0,0.5,3.26,0,0.3,19.56
421,2,2016-03-10T09:56:37,2016-03-10T09:56:52,1,4.68,Negotiated fare,40.7045517,-74.0105896,40.70429993,-74.01081848,Credit card,26,0,0,5.26,0,0.3,31.56
422,2,2016-03-01T00:02:09,2016-03-01T00:02:13,1,1.35,Negotiated fare,0,0,40.38993835,-74.64172363,Credit card,160,0,0,0,0,0.3,160.3
423,2,2016-03-10T07:49:11,2016-03-10T07:49:24,1,7.01,Negotiated fare,40.79725266,-73.9484787,40.79722977,-73.94839478,Cash,200,0,0,0,0,0.3,200.3
424,2,2016-03-10T09:34:07,2016-03-10T09:34:12,1,6.39,Negotiated fare,0,0,0,0,Credit card,15.8,0,0,1,0,0.3,17.1
425,2,2016-03-10T07:37:06,2016-03-10T07:37:10,1,0.25,Negotiated fare,40.7986412,-73.93335724,40.79864502,-73.93336487,Credit card,16.8,0,0,3,0,0.3,20.1
426,2,2016-03-01T00:51:38,2016-03-01T00:51:41,1,4.24,Negotiated fare,0,0,0,0,Credit card,125,0,0.5,12,0,0.3,137.8
427,1,2016-03-01T00:10:03,2016-03-01T00:10:37,1,1.72,Negotiated fare,41.0598259,-73.83283234,41.0598259,-73.83283234,Dispute,170,0,0,0,0,0.3,170.3
428,2,2016-03-01T01:26:49,2016-03-01T01:28:15,1,1.9,Negotiated fare,40.74253845,-73.98174286,40.74261856,-73.98178864,Credit card,240,0,0,10,0,0.3,250.3
429,2,2016-03-10T10:31:41,2016-03-10T10:31:44,1,0.66,Negotiated fare,0,0,0,0,Credit card,19.99,0,0,4.06,0,0.3,24.35
430,2,2016-03-10T08:40:11,2016-03-10T08:40:13,1,9.49,Negotiated fare,0,0,0,0,Credit card,170,0,0,1,0,0.3,171.3
431,1,2016-03-01T00:59:23,2016-03-01T00:59:38,1,2.18,Standard rate,40.76408386,-73.98550415,40.76415253,-73.98581696,Credit card,2.5,0.5,0.5,1.1,0,0.3,4.9
432,2,2016-03-10T13:26:03,2016-03-10T14:12:29,2,5.68,Standard rate,0,0,0,0,Cash,6.1,0,0.5,0,0,0.3,6.9
433,2,2016-03-10T10:14:09,2016-03-10T10:22:11,5,3.18,Standard rate,40.76229095,-73.96600342,40.76377869,-73.95426178,Credit card,6.5,0,0.5,1,0,0.3,8.3
434,2,2016-03-10T10:42:20,2016-03-10T10:43:04,2,2.97,Standard rate,0,0,40.89336014,-73.90885925,Credit card,2.5,0,0.5,5,0,0.3,8.3
435,2,2016-03-10T07:13:06,2016-03-10T07:13:10,1,10.88,Standard rate,40.76465988,-73.97997284,40.76462936,-73.97994995,Credit card,2.5,0,0.5,5,0,0.3,8.3
436,1,2016-03-01T06:08:19,2016-03-01T06:09:04,1,10.75,Negotiated fare,40.75499725,-73.98448181,40.75517654,-73.98473358,Credit card,7,0,0,1,0,0.3,8.3
437,2,2016-03-10T14:00:08,2016-03-10T14:00:13,1,11.22,Standard rate,0,0,0,0,Credit card,2.5,0,0.5,5,0,0.3,8.3
438,2,2016-03-10T08:20:38,2016-03-10T08:31:50,1,7.42,Standard rate,0,0,0,0,Cash,8,0,0.5,0,0,0.3,8.8
439,2,2016-03-10T13:28:57,2016-03-10T13:29:02,1,2.48,Negotiated fare,0,0,40.77761841,-73.9613266,Credit card,7,0,0.5,1,0,0.3,8.8
440,2,2016-03-01T00:59:36,2016-03-01T01:00:07,1,16.75,Negotiated fare,0,0,40.82574081,-73.95082092,Credit card,4.5,0,0,4,0,0.3,8.8
441,2,2016-03-10T14:03:00,2016-03-10T14:14:56,1,18.98,Standard rate,40.76966858,-73.95459747,40.7625885,-73.96787262,Cash,8,0,0.5,0,0,0.3,8.8
442,2,2016-03-10T08:53:22,2016-03-10T08:53:25,1,4.37,Negotiated fare,40.77061462,-73.86510468,40.77061844,-73.86510468,Credit card,9,0,0,0,0,0.3,9.3
443,2,2016-03-10T12:16:42,2016-03-10T12:16:44,1,3.04,Negotiated fare,0,0,40.76277161,-73.96823883,Credit card,9,0,0,0,0,0.3,9.3
444,1,2016-03-01T04:48:36,2016-03-01T04:48:36,1,4.43,Standard rate,40.75026703,-73.99166107,0,0,Cash,8,0.5,0.5,0,0,0.3,9.3
445,2,2016-03-10T12:15:35,2016-03-10T12:15:40,6,1.58,Standard rate,0,0,0,0,Credit card,2.5,0,0.5,6,0,0.3,9.3
446,2,2016-03-10T10:33:02,2016-03-10T10:36:18,1,15.79,Standard rate,40.76599121,-73.97664642,40.77170181,-73.98275757,Credit card,2.5,0,0.5,6.5,0,0.3,9.8
447,2,2016-03-10T12:22:41,2016-03-10T12:34:09,1,3.97,Standard rate,40.7542572,-73.97215271,40.77479553,-73.95691681,Credit card,8,0,0.5,1,0,0.3,9.8
448,2,2016-03-10T11:33:15,2016-03-10T11:46:59,4,12.75,Standard rate,40.75190353,-73.99256134,40.75775909,-73.97494507,Cash,9,0,0.5,0,0,0.3,9.8
449,2,2016-03-10T08:23:46,2016-03-10T08:24:23,2,5.96,Negotiated fare,40.73823929,-73.97737122,40.73820877,-73.97731781,Credit card,9.5,0,0,0,0,0.3,9.8
450,2,2016-03-10T10:00:23,2016-03-10T10:00:26,1,2.74,Negotiated fare,0,0,40.79920959,-73.96838379,Credit card,9,0,0.5,0,0,0.3,9.8
451,2,2016-03-01T02:46:21,2016-03-01T02:46:24,1,3.42,Negotiated fare,0,0,40.77614975,-73.97776031,Credit card,10,0,0,0,0,0.3,10.3
452,2,2016-03-01T00:45:35,2016-03-01T00:45:40,1,4.03,Negotiated fare,40.84449005,-73.94097137,40.84449005,-73.94097137,Credit card,10,0,0,0,0,0.3,10.3
453,2,2016-03-10T12:27:17,2016-03-10T12:27:51,1,1.14,Standard rate,40.75848007,-73.98638916,40.75838089,-73.9866333,Credit card,2.5,0,0.5,7,0,0.3,10.3
454,2,2016-03-10T09:15:45,2016-03-10T09:29:57,1,4.31,Standard rate,40.77633286,-73.95998383,40.7803421,-73.98164368,Credit card,9.5,0,0.5,0,0,0.3,10.3
455,1,2016-03-01T01:49:45,2016-03-01T01:50:13,1,4.7,Negotiated fare,40.61737823,-73.92093658,40.61738205,-73.92095184,Dispute,10,0,0,0,0,0.3,10.3
456,2,2016-03-01T00:13:05,2016-03-01T00:13:08,1,10.74,Negotiated fare,0,0,0,0,Credit card,10,0,0.5,0,0,0.3,10.8
457,2,2016-03-01T01:46:22,2016-03-01T01:48:47,1,1.64,Negotiated fare,40.82707977,-73.88347626,0,0,Cash,10,0,0.5,0,0,0.3,10.8
458,2,2016-03-01T01:40:11,2016-03-01T01:40:15,1,16.27,Negotiated fare,0,0,0,0,Credit card,10,0,0.5,0,0,0.3,10.8
459,2,2016-03-10T09:28:33,2016-03-10T09:28:48,1,7.41,Negotiated fare,0,0,0,0,Cash,10,0,0.5,0,0,0.3,10.8
460,2,2016-03-10T08:39:48,2016-03-10T08:39:57,1,3.15,Negotiated fare,40.75685883,-73.97776031,0,0,Credit card,8.5,0,0.5,1.5,0,0.3,10.8
461,2,2016-03-10T13:37:27,2016-03-10T13:54:25,1,1.98,Standard rate,40.76065826,-73.99476624,40.76549149,-73.96077728,Cash,10.5,0,0.5,0,0,0.3,11.3
462,1,2016-03-01T00:26:05,2016-03-01T00:26:44,2,0.47,Negotiated fare,40.75998688,-73.98429871,40.75910568,-73.98513031,Credit card,10,0,0,2,0,0.3,12.3
463,1,2016-03-01T03:08:13,2016-03-01T03:08:13,1,8.44,Standard rate,40.74951553,-73.9921875,0,0,Cash,11.5,0.5,0.5,0,0,0.3,12.8
464,2,2016-03-10T08:03:37,2016-03-10T08:03:40,1,3.07,Negotiated fare,0,0,40.76219177,-73.97035217,Credit card,12.5,0,0,0,0,0.3,12.8
465,2,2016-03-10T13:20:24,2016-03-10T13:42:02,5,2.42,Standard rate,40.74591064,-73.9863205,40.7696991,-73.98451233,Credit card,12.5,0,0.5,0,0,0.3,13.3
466,2,2016-03-10T11:38:13,2016-03-10T11:38:13,6,20.3,Standard rate,40.74053574,-73.9757843,40.74248886,-73.98041534,Credit card,2.5,0,0.5,10,0,0.3,13.3
467,2,2016-03-10T10:20:06,2016-03-10T10:20:08,1,1.86,Standard rate,0,0,40.71738815,-74.00694275,Credit card,2.5,0,0.5,10,0,0.3,13.3
468,2,2016-03-01T04:28:26,2016-03-01T04:28:29,5,3.01,Standard rate,0,0,40.72711945,-73.97659302,Credit card,2.5,0.5,0.5,10,0,0.3,13.8
469,2,2016-03-10T07:35:37,2016-03-10T07:35:41,1,2.37,Standard rate,0,0,0,0,Credit card,2.5,0,0.5,11,0,0.3,14.3
470,2,2016-03-10T09:51:37,2016-03-10T10:15:27,1,4.91,Standard rate,40.76538849,-73.963974,40.74813843,-73.98511505,Cash,14,0,0.5,0,0,0.3,14.8
471,1,2016-03-01T01:49:10,2016-03-01T01:49:10,1,1.67,Standard rate,40.76062393,-73.98356628,0,0,Cash,13.5,0.5,0.5,0,0,0.3,14.8
472,1,2016-03-01T00:06:09,2016-03-01T00:08:11,1,9.22,Negotiated fare,40.72213364,-74.01173401,40.72211456,-74.01173401,Credit card,10,0,0,5,0,0.3,15.3
473,2,2016-03-10T10:37:18,2016-03-10T10:38:03,1,12.05,Standard rate,0,0,40.74132919,-73.99141693,Credit card,2.5,0,0.5,12,0,0.3,15.3
474,1,2016-03-01T04:33:18,2016-03-01T04:33:18,1,3.31,Standard rate,40.75336075,-73.98143768,0,0,Cash,14.5,0.5,0.5,0,0,0.3,15.8
475,2,2016-03-10T10:07:00,2016-03-10T10:24:43,6,2.65,Standard rate,40.72309875,-74.00489807,40.75695038,-73.98220825,Credit card,11,0,0.5,4,0,0.3,15.8
476,1,2016-03-01T00:39:04,2016-03-01T00:39:30,1,7.53,Negotiated fare,40.71121216,-73.94935608,40.71120453,-73.94934845,Credit card,17.8,0,0,4.5,0,0.3,22.6
477,2,2016-03-01T01:51:09,2016-03-01T01:51:11,2,2.73,Negotiated fare,0,0,0,0,Credit card,142,0,0.5,0,0,0.3,142.8
478,2,2016-03-01T01:15:28,2016-03-01T01:15:33,1,2.83,Negotiated fare,40.77265167,-73.95526886,40.77272034,-73.95520782,Credit card,58.5,0,0,11.76,0,0.3,70.56
479,2,2016-03-10T09:24:56,2016-03-10T09:24:58,1,2.25,Negotiated fare,0,0,0,0,Credit card,50,0,0,10.06,0,0.3,60.36
480,2,2016-03-10T13:36:50,2016-03-10T13:37:28,2,1.83,Standard rate,40.81312943,-73.95401001,40.81312943,-73.95401001,Credit card,2.5,0,0.5,0.66,0,0.3,3.96
481,2,2016-03-10T07:47:00,2016-03-10T07:47:27,5,0.78,Standard rate,40.76456833,-73.93688965,40.76454163,-73.93688202,Credit card,2.5,0,0.5,0.66,0,0.3,3.96
482,2,2016-03-10T11:13:23,2016-03-10T11:14:04,1,5.99,Standard rate,40.76473999,-73.93701935,40.76470184,-73.9369812,Credit card,2.5,0,0.5,0.66,0,0.3,3.96
483,2,2016-03-10T07:48:46,2016-03-10T07:49:06,5,4.87,Standard rate,40.76406097,-73.93739319,40.76459122,-73.93675232,Credit card,2.5,0,0.5,0.66,0,0.3,3.96
484,2,2016-03-10T11:21:17,2016-03-10T11:21:42,1,2.47,Standard rate,40.76475143,-73.9371109,40.76486969,-73.93704224,Credit card,2.5,0,0.5,0.66,0,0.3,3.96
485,2,2016-03-10T07:47:00,2016-03-10T07:47:27,5,4.88,Standard rate,40.76456833,-73.93688965,40.76454163,-73.93688202,Dispute,-2.5,0,-0.5,-0.66,0,-0.3,-3.96
486,2,2016-03-10T07:48:46,2016-03-10T07:49:06,5,2.21,Standard rate,40.76406097,-73.93739319,40.76459122,-73.93675232,Dispute,-2.5,0,-0.5,-0.66,0,-0.3,-3.96
487,2,2016-03-01T00:39:30,2016-03-01T00:40:22,2,10.93,JFK,0,0,0,0,Credit card,52,0,0.5,10.56,0,0.3,63.36
488,2,2016-03-10T07:31:53,2016-03-10T07:32:00,3,9.09,JFK,40.71873856,-74.00467682,40.71873856,-74.00467682,Credit card,52,0,0.5,10.56,0,0.3,63.36
489,2,2016-03-10T11:08:05,2016-03-10T11:08:08,1,4.9,JFK,40.64157104,-73.78907013,40.64157104,-73.78909302,Credit card,52,0,0.5,10.56,0,0.3,63.36
490,2,2016-03-01T00:35:57,2016-03-01T00:38:57,5,2.96,JFK,40.7216835,-73.97882843,0,0,Credit card,52,0,0.5,10.56,0,0.3,63.36
491,2,2016-03-10T09:59:48,2016-03-10T09:59:59,1,1.71,JFK,40.6432457,-73.78981781,0,0,Credit card,52,0,0.5,10.56,0,0.3,63.36
492,2,2016-03-01T02:02:40,2016-03-01T02:02:44,6,2.06,JFK,0,0,0,0,Credit card,52,0,0.5,10.56,0,0.3,63.36
493,1,2016-03-01T05:04:45,2016-03-01T05:06:18,1,6.79,JFK,40.6455307,-73.77633667,40.6455307,-73.77633667,Credit card,52,0,0.5,5,10.58,0.3,68.38
494,2,2016-03-10T13:08:04,2016-03-10T13:17:36,6,18.24,Standard rate,40.75130081,-73.97530365,40.73976135,-73.98882294,Credit card,7,0,0.5,1.56,0,0.3,9.36
495,2,2016-03-10T08:15:29,2016-03-10T08:25:20,1,2.6,Standard rate,40.76480484,-73.99176788,40.75376511,-73.98164368,Credit card,7,0,0.5,1.56,0,0.3,9.36
496,2,2016-03-10T12:45:08,2016-03-10T12:45:10,1,12.54,Negotiated fare,0,0,40.78432846,-73.95501709,Credit card,7,0,0.5,1.56,0,0.3,9.36
497,2,2016-03-01T00:39:33,2016-03-01T00:39:35,1,4.23,Negotiated fare,0,0,0,0,Credit card,7,0,0.5,1.56,0,0.3,9.36
498,2,2016-03-10T09:41:50,2016-03-10T09:51:15,5,1.77,Standard rate,40.74411011,-74.00679016,40.74776077,-73.98930359,Credit card,7,0,0.5,1.56,0,0.3,9.36
499,2,2016-03-10T11:53:47,2016-03-10T12:03:26,1,10.26,Standard rate,40.76361084,-73.97692871,40.75774002,-73.97361755,Credit card,7,0,0.5,1.56,0,0.3,9.36
